customer_id,recency,frequency,monetary_value,R_Quartile,F_Quartile,M_Quartile,RFMClass
1,7,11,410455,1,1,1,111
2,128,3,116327,4,4,4,444
3,102,8,314802,4,1,1,411
4,195,2,72017,4,4,4,444
5,16,6,224166,1,3,2,132
6,64,5,194209,3,3,3,333
7,253,3,118161,4,4,4,444
8,22,10,392332,2,1,1,211
9,78,6,242834,3,3,2,332
10,33,6,192831,2,3,3,233
11,46,6,231200,3,3,2,332
12,67,7,273948,3,2,1,321
13,27,7,263763,2,2,2,222
14,47,4,110361,3,4,4,344
15,35,6,216884,2,3,2,232
16,99,5,193007,4,3,3,433
17,0,5,187045,1,3,3,133
18,134,7,273894,4,2,1,421
19,102,3,113725,4,4,4,444
20,31,4,157312,2,4,3,243
21,6,5,190483,1,3,3,133
22,97,8,304355,4,1,1,411
23,10,7,242710,1,2,2,122
24,17,8,275230,1,1,1,111
25,5,12,470577,1,1,1,111
26,113,3,73669,4,4,4,444
27,143,7,279923,4,2,1,421
28,83,6,217268,3,3,2,332
29,22,9,343248,2,1,1,211
30,11,3,115277,1,4,4,144
31,89,4,163742,4,4,3,443
32,138,7,276477,4,2,1,421
33,38,7,260404,2,2,2,222
34,102,9,322114,4,1,1,411
35,92,4,153982,4,4,3,443
36,163,2,73156,4,4,4,444
37,7,9,337501,1,1,1,111
38,50,4,164011,3,4,3,343
39,34,12,457406,2,1,1,211
40,14,6,225882,1,3,2,132
41,29,9,354337,2,1,1,211
42,111,4,147775,4,4,4,444
43,61,9,341814,3,1,1,311
44,35,7,278047,2,2,1,221
45,43,3,118381,2,4,4,244
46,53,5,199571,3,3,3,333
47,35,7,266282,2,2,2,222
48,82,8,305768,3,1,1,311
49,36,5,197409,2,3,3,233
50,26,8,295467,2,1,1,211
51,55,8,313790,3,1,1,311
52,4,7,232809,1,2,2,122
53,7,5,201420,1,3,3,133
54,67,7,269154,3,2,2,322
55,46,8,304651,3,1,1,311
56,2,7,260748,1,2,2,122
57,35,6,224106,2,3,2,232
58,20,8,308193,2,1,1,211
59,22,3,109403,2,4,4,244
60,200,2,81042,4,4,4,444
61,47,7,224155,3,2,2,322
62,5,6,225495,1,3,2,132
63,68,3,120605,3,4,4,344
64,3,5,199091,1,3,3,133
65,136,6,226100,4,3,2,432
66,43,5,188055,2,3,3,233
67,116,5,200534,4,3,3,433
68,84,3,122233,3,4,4,344
69,20,6,222988,2,3,2,232
70,4,5,194080,1,3,3,133
71,131,1,37539,4,4,4,444
72,22,5,157537,2,3,3,233
73,168,6,218425,4,3,2,432
74,28,3,116667,2,4,4,244
75,60,8,297691,3,1,1,311
76,1,8,313591,1,1,1,111
77,101,3,104269,4,4,4,444
78,211,2,75748,4,4,4,444
79,43,6,220250,2,3,2,232
80,28,10,376558,2,1,1,211
81,4,4,142382,1,4,4,144
82,78,5,187427,3,3,3,333
83,80,6,222734,3,3,2,332
84,28,7,270779,2,2,1,221
85,37,6,221839,2,3,2,232
86,0,9,338034,1,1,1,111
87,18,9,335092,2,1,1,211
88,74,6,220091,3,3,2,332
89,4,9,363178,1,1,1,111
90,30,7,267308,2,2,2,222
91,9,8,312328,1,1,1,111
92,34,3,112232,2,4,4,244
93,79,3,109428,3,4,4,344
94,33,7,264080,2,2,2,222
95,38,4,163873,2,4,3,243
96,70,4,105461,3,4,4,344
97,102,8,299348,4,1,1,411
98,122,5,182224,4,3,3,433
99,2,9,338459,1,1,1,111
100,11,2,80495,1,4,4,144
101,8,4,153349,1,4,3,143
102,42,7,268501,2,2,2,222
103,49,5,178183,3,3,3,333
104,64,9,303251,3,1,1,311
105,89,4,148274,4,4,4,444
106,1,3,120767,1,4,4,144
107,81,4,143929,3,4,4,344
108,10,3,111647,1,4,4,144
109,8,10,380324,1,1,1,111
110,14,7,276718,1,2,1,121
111,147,4,158374,4,4,3,443
112,47,6,233044,3,3,2,332
113,175,6,237581,4,3,2,432
114,70,4,159286,3,4,3,343
115,14,8,299149,1,1,1,111
116,12,8,296999,1,1,1,111
117,5,10,386668,1,1,1,111
118,69,5,191734,3,3,3,333
119,30,4,149788,2,4,4,244
120,129,3,117311,4,4,4,444
121,111,4,149693,4,4,4,444
122,8,5,188948,1,3,3,133
123,191,4,165586,4,4,3,443
124,2,7,266194,1,2,2,122
125,83,10,404888,3,1,1,311
126,11,3,119023,1,4,4,144
127,23,10,361986,2,1,1,211
128,137,4,154607,4,4,3,443
129,178,4,161885,4,4,3,443
130,76,2,81059,3,4,4,344
131,205,6,230515,4,3,2,432
132,7,6,222572,1,3,2,132
133,26,5,185139,2,3,3,233
134,14,6,225605,1,3,2,132
135,115,7,267071,4,2,2,422
136,20,8,309608,2,1,1,211
137,27,5,180874,2,3,3,233
138,64,7,265254,3,2,2,322
139,26,9,349915,2,1,1,211
140,3,6,230703,1,3,2,132
141,159,3,110449,4,4,4,444
142,4,11,429295,1,1,1,111
143,13,4,146351,1,4,4,144
144,6,8,305561,1,1,1,111
145,28,7,270120,2,2,2,222
146,194,2,71267,4,4,4,444
147,34,6,222644,2,3,2,232
148,43,5,183440,2,3,3,233
149,18,6,222061,2,3,2,232
150,75,4,148772,3,4,4,344
151,0,8,272789,1,1,1,111
152,158,2,74896,4,4,4,444
153,64,7,279946,3,2,1,321
154,23,6,191827,2,3,3,233
155,8,3,116751,1,4,4,144
156,16,5,193973,1,3,3,133
157,135,4,143336,4,4,4,444
158,65,6,225441,3,3,2,332
159,66,6,234075,3,3,2,332
160,93,2,74577,4,4,4,444
161,159,1,42226,4,4,4,444
162,98,3,118563,4,4,4,444
163,114,2,68507,4,4,4,444
164,198,3,110208,4,4,4,444
165,8,9,342566,1,1,1,111
166,63,8,310537,3,1,1,311
167,14,9,341124,1,1,1,111
168,136,9,307853,4,1,1,411
169,61,3,115764,3,4,4,344
170,100,4,152144,4,4,4,444
171,18,9,318750,2,1,1,211
172,11,8,288496,1,1,1,111
173,15,9,340870,1,1,1,111
174,11,10,385754,1,1,1,111
175,64,5,187056,3,3,3,333
176,22,5,192498,2,3,3,233
177,37,12,449752,2,1,1,211
178,32,4,153098,2,4,3,243
179,40,3,118646,2,4,4,244
180,11,7,266924,1,2,2,122
181,50,6,195891,3,3,3,333
182,13,7,265062,1,2,2,122
183,102,6,230737,4,3,2,432
184,32,3,113671,2,4,4,244
185,8,7,253954,1,2,2,122
186,23,6,233961,2,3,2,232
187,14,7,264844,1,2,2,122
188,15,6,216446,1,3,2,132
189,3,5,194981,1,3,3,133
190,29,4,151339,2,4,4,244
191,105,1,37874,4,4,4,444
192,79,4,150857,3,4,4,344
193,24,5,193388,2,3,3,233
194,108,3,119659,4,4,4,444
195,0,7,259949,1,2,2,122
196,146,8,298950,4,1,1,411
197,27,9,344800,2,1,1,211
198,58,9,341076,3,1,1,311
199,15,4,158173,1,4,3,143
200,7,9,346266,1,1,1,111
201,28,8,300851,2,1,1,211
202,18,3,127259,2,4,4,244
203,11,5,183774,1,3,3,133
204,27,8,313387,2,1,1,211
205,52,9,350607,3,1,1,311
206,77,4,160146,3,4,3,343
207,279,3,109992,4,4,4,444
208,27,5,198487,2,3,3,233
209,107,5,198006,4,3,3,433
210,22,6,224999,2,3,2,232
211,39,9,333697,2,1,1,211
212,187,2,74289,4,4,4,444
213,28,11,417462,2,1,1,211
214,56,6,231647,3,3,2,332
215,3,8,307994,1,1,1,111
216,16,5,150710,1,3,4,134
217,4,8,292709,1,1,1,111
218,14,5,153837,1,3,3,133
219,40,7,224333,2,2,2,222
220,15,6,223366,1,3,2,132
221,18,6,243732,2,3,2,232
222,20,2,73033,2,4,4,244
223,52,7,262966,3,2,2,322
224,1,6,226705,1,3,2,132
225,37,3,116407,2,4,4,244
226,116,2,70216,4,4,4,444
227,26,5,194597,2,3,3,233
228,77,5,187749,3,3,3,333
229,60,5,198338,3,3,3,333
230,36,11,419023,2,1,1,211
231,45,4,153826,3,4,3,343
232,141,6,217896,4,3,2,432
233,17,6,232740,1,3,2,132
234,11,10,363156,1,1,1,111
235,2,11,431249,1,1,1,111
236,6,4,160298,1,4,3,143
237,26,8,299319,2,1,1,211
238,107,5,193816,4,3,3,433
239,1,9,338838,1,1,1,111
240,88,6,219212,4,3,2,432
241,47,4,157263,3,4,3,343
242,131,7,278304,4,2,1,421
243,74,6,190679,3,3,3,333
244,194,4,117684,4,4,4,444
245,12,5,195373,1,3,3,133
246,27,9,359680,2,1,1,211
247,112,7,264057,4,2,2,422
248,134,7,275947,4,2,1,421
249,47,9,340537,3,1,1,311
250,31,7,269135,2,2,2,222
251,38,4,155975,2,4,3,243
252,62,5,185243,3,3,3,333
253,17,5,193502,1,3,3,133
254,41,7,268694,2,2,2,222
255,57,12,420356,3,1,1,311
256,0,5,206079,1,3,3,133
257,92,5,196497,4,3,3,433
258,18,5,186299,2,3,3,233
259,27,4,160445,2,4,3,243
260,8,9,338131,1,1,1,111
261,50,9,344600,3,1,1,311
262,10,5,192794,1,3,3,133
263,46,7,271966,3,2,1,321
264,48,5,154525,3,3,3,333
265,79,4,152631,3,4,4,344
266,32,4,155583,2,4,3,243
267,130,4,151170,4,4,4,444
268,69,4,164627,3,4,3,343
269,168,5,184143,4,3,3,433
270,7,7,266821,1,2,2,122
271,202,2,81133,4,4,4,444
272,91,7,281540,4,2,1,421
273,28,10,359775,2,1,1,211
274,149,4,155627,4,4,3,443
275,132,7,251768,4,2,2,422
276,3,6,220644,1,3,2,132
277,21,4,161422,2,4,3,243
278,248,1,33429,4,4,4,444
279,14,6,236191,1,3,2,132
280,43,11,417161,2,1,1,211
281,9,4,145749,1,4,4,144
282,69,2,75970,3,4,4,344
283,91,6,232653,4,3,2,432
284,133,5,176292,4,3,3,433
285,7,6,224515,1,3,2,132
286,137,4,145565,4,4,4,444
287,138,1,41533,4,4,4,444
288,44,4,155433,2,4,3,243
289,44,10,335034,2,1,1,211
290,11,5,184973,1,3,3,133
291,40,2,81249,2,4,4,244
292,58,7,277237,3,2,1,321
293,10,5,193245,1,3,3,133
294,115,7,259852,4,2,2,422
295,34,7,271755,2,2,1,221
296,8,3,115248,1,4,4,144
297,8,4,147662,1,4,4,144
298,8,11,380539,1,1,1,111
299,92,7,267383,4,2,2,422
300,156,5,203179,4,3,3,433
301,93,2,80511,4,4,4,444
302,276,2,73068,4,4,4,444
303,43,3,115073,2,4,4,244
304,80,9,344104,3,1,1,311
305,33,7,262788,2,2,2,222
306,123,2,71753,4,4,4,444
307,15,9,341230,1,1,1,111
308,25,6,229183,2,3,2,232
309,9,4,161051,1,4,3,143
310,8,7,286623,1,2,1,121
311,61,6,221620,3,3,2,332
312,13,6,224957,1,3,2,132
313,17,6,215976,1,3,2,132
314,20,8,300477,2,1,1,211
315,27,9,342193,2,1,1,211
316,11,4,142527,1,4,4,144
317,51,5,189670,3,3,3,333
318,9,7,271419,1,2,1,121
319,71,5,187860,3,3,3,333
320,12,10,391648,1,1,1,111
321,12,5,192093,1,3,3,133
322,1,12,463116,1,1,1,111
323,35,6,223817,2,3,2,232
324,21,5,192457,2,3,3,233
325,133,7,231087,4,2,2,422
326,161,3,115006,4,4,4,444
327,16,5,185006,1,3,3,133
328,4,8,312726,1,1,1,111
329,34,6,231788,2,3,2,232
330,107,6,228379,4,3,2,432
331,82,7,223803,3,2,2,322
332,263,2,71753,4,4,4,444
333,22,7,266221,2,2,2,222
334,56,6,213555,3,3,2,332
335,24,2,71709,2,4,4,244
336,82,5,189805,3,3,3,333
337,37,6,231759,2,3,2,232
338,10,7,262887,1,2,2,122
339,58,5,186716,3,3,3,333
340,30,8,304292,2,1,1,211
341,134,2,78652,4,4,4,444
342,93,4,155453,4,4,3,443
343,103,9,348484,4,1,1,411
344,8,9,331427,1,1,1,111
345,19,7,276698,2,2,1,221
346,12,9,356149,1,1,1,111
347,59,7,271273,3,2,1,321
348,125,6,239703,4,3,2,432
349,166,5,181247,4,3,3,433
350,4,6,226946,1,3,2,132
351,11,2,85114,1,4,4,144
352,25,6,241787,2,3,2,232
353,23,11,421242,2,1,1,211
354,67,6,236950,3,3,2,332
355,45,5,192021,3,3,3,333
356,61,5,187725,3,3,3,333
357,15,8,303768,1,1,1,111
358,70,2,76029,3,4,4,344
359,8,10,382709,1,1,1,111
360,8,5,190687,1,3,3,133
361,146,7,265310,4,2,2,422
362,0,5,193868,1,3,3,133
363,14,6,228229,1,3,2,132
364,11,6,235874,1,3,2,132
365,50,7,263990,3,2,2,322
366,115,6,234389,4,3,2,432
367,43,6,227155,2,3,2,232
368,13,9,360491,1,1,1,111
369,101,8,317136,4,1,1,411
370,111,7,274455,4,2,1,421
371,9,5,194899,1,3,3,133
372,31,8,292855,2,1,1,211
373,223,1,41701,4,4,4,444
374,13,6,234754,1,3,2,132
375,91,4,147517,4,4,4,444
376,43,3,124790,2,4,4,244
377,6,13,476214,1,1,1,111
378,124,7,260143,4,2,2,422
379,145,2,80307,4,4,4,444
380,35,8,310649,2,1,1,211
381,2,8,309606,1,1,1,111
382,35,7,261465,2,2,2,222
383,51,3,118795,3,4,4,344
384,85,5,174292,3,3,3,333
385,78,9,359422,3,1,1,311
386,66,5,182610,3,3,3,333
387,31,3,113972,2,4,4,244
388,55,3,111594,3,4,4,344
389,113,6,217550,4,3,2,432
390,76,6,234649,3,3,2,332
391,56,4,157172,3,4,3,343
392,101,7,272635,4,2,1,421
393,146,2,76089,4,4,4,444
394,45,8,289443,3,1,1,311
395,30,7,264072,2,2,2,222
396,29,6,238829,2,3,2,232
397,45,6,176798,3,3,3,333
398,12,7,263747,1,2,2,122
399,49,6,242292,3,3,2,332
400,134,5,197275,4,3,3,433
401,29,7,265601,2,2,2,222
402,56,6,237460,3,3,2,332
403,56,6,237945,3,3,2,332
404,18,9,339814,2,1,1,211
405,14,6,232744,1,3,2,132
406,106,6,230921,4,3,2,432
407,9,9,346478,1,1,1,111
408,17,5,189512,1,3,3,133
409,13,4,156001,1,4,3,143
410,6,7,255275,1,2,2,122
411,187,5,196334,4,3,3,433
412,27,3,123793,2,4,4,244
413,167,5,189456,4,3,3,433
414,47,6,212264,3,3,3,333
415,248,2,68285,4,4,4,444
416,88,5,182393,4,3,3,433
417,70,8,265178,3,1,2,312
418,28,6,229120,2,3,2,232
419,14,7,265608,1,2,2,122
420,59,10,383285,3,1,1,311
421,56,6,226183,3,3,2,332
422,133,4,162539,4,4,3,443
423,141,5,180963,4,3,3,433
424,74,7,266331,3,2,2,322
425,25,7,268224,2,2,2,222
426,59,9,334170,3,1,1,311
427,109,4,150962,4,4,4,444
428,51,8,300730,3,1,1,311
429,18,8,309038,2,1,1,211
430,65,6,232588,3,3,2,332
431,98,2,35470,4,4,4,444
432,21,8,308869,2,1,1,211
433,15,9,334327,1,1,1,111
434,297,2,75082,4,4,4,444
435,102,4,157373,4,4,3,443
436,50,3,117538,3,4,4,344
437,48,6,215710,3,3,2,332
438,51,8,317487,3,1,1,311
439,99,6,226316,4,3,2,432
440,11,8,313666,1,1,1,111
441,62,3,114120,3,4,4,344
442,13,7,268514,1,2,2,122
443,4,7,233396,1,2,2,122
444,45,7,265964,3,2,2,322
445,24,11,406736,2,1,1,211
446,52,8,302560,3,1,1,311
447,0,6,224067,1,3,2,132
448,188,5,150895,4,3,4,434
449,133,6,229234,4,3,2,432
450,82,4,157945,3,4,3,343
451,66,6,223654,3,3,2,332
452,24,5,199011,2,3,3,233
453,41,8,318950,2,1,1,211
454,49,7,279050,3,2,1,321
455,67,3,111677,3,4,4,344
456,88,5,194906,4,3,3,433
457,115,5,188846,4,3,3,433
458,26,5,187289,2,3,3,233
459,38,5,190831,2,3,3,233
460,17,4,152918,1,4,3,143
461,20,8,312516,2,1,1,211
462,142,6,233712,4,3,2,432
463,59,7,274725,3,2,1,321
464,9,6,224477,1,3,2,132
465,4,6,227095,1,3,2,132
466,40,7,270209,2,2,2,222
467,169,7,230908,4,2,2,422
468,94,6,220655,4,3,2,432
469,101,10,387085,4,1,1,411
470,9,7,254776,1,2,2,122
471,48,6,225463,3,3,2,332
472,49,5,192887,3,3,3,333
473,115,9,331941,4,1,1,411
474,97,2,68524,4,4,4,444
475,24,7,269166,2,2,2,222
476,9,4,157863,1,4,3,143
477,35,5,188809,2,3,3,233
478,3,9,343587,1,1,1,111
479,76,9,343178,3,1,1,311
480,17,2,79022,1,4,4,144
481,14,2,74843,1,4,4,144
482,75,10,371173,3,1,1,311
483,40,7,273955,2,2,1,221
484,19,5,198426,2,3,3,233
485,14,6,214569,1,3,2,132
486,91,5,182264,4,3,3,433
487,139,2,74310,4,4,4,444
488,27,7,271949,2,2,1,221
489,124,5,203456,4,3,3,433
490,53,9,332635,3,1,1,311
491,68,7,272295,3,2,1,321
492,89,4,164980,4,4,3,443
493,75,3,116658,3,4,4,344
494,133,3,106932,4,4,4,444
495,128,6,249310,4,3,2,432
496,45,4,154577,3,4,3,343
497,59,4,154824,3,4,3,343
498,7,7,272591,1,2,1,121
499,55,11,429318,3,1,1,311
500,24,8,301405,2,1,1,211
501,128,4,160502,4,4,3,443
502,131,5,187003,4,3,3,433
503,83,4,120696,3,4,4,344
504,136,8,302600,4,1,1,411
505,14,5,188612,1,3,3,133
506,56,10,384273,3,1,1,311
507,36,8,261892,2,1,2,212
508,155,6,219670,4,3,2,432
509,89,6,233932,4,3,2,432
510,59,2,78543,3,4,4,344
511,11,5,178766,1,3,3,133
512,95,4,154388,4,4,3,443
513,14,5,180343,1,3,3,133
514,123,5,189675,4,3,3,433
515,14,9,350631,1,1,1,111
516,19,10,392561,2,1,1,211
517,10,6,237496,1,3,2,132
518,261,3,111624,4,4,4,444
519,55,4,146109,3,4,4,344
520,16,5,195562,1,3,3,133
521,154,2,80082,4,4,4,444
522,41,4,145666,2,4,4,244
523,18,6,233714,2,3,2,232
524,138,7,264517,4,2,2,422
525,119,8,305931,4,1,1,411
526,154,3,117151,4,4,4,444
527,43,2,84390,2,4,4,244
528,134,7,257665,4,2,2,422
529,12,6,240385,1,3,2,132
530,162,3,102515,4,4,4,444
531,61,6,202693,3,3,3,333
532,28,6,234315,2,3,2,232
533,2,6,239459,1,3,2,132
534,6,8,308318,1,1,1,111
535,73,2,70701,3,4,4,344
536,32,4,160064,2,4,3,243
537,49,3,120028,3,4,4,344
538,4,7,264525,1,2,2,122
539,36,8,316141,2,1,1,211
540,79,6,227588,3,3,2,332
541,137,5,191279,4,3,3,433
542,38,6,238060,2,3,2,232
543,0,5,189486,1,3,3,133
544,173,4,150077,4,4,4,444
545,6,6,221044,1,3,2,132
546,37,5,184475,2,3,3,233
547,74,6,238230,3,3,2,332
548,10,7,255387,1,2,2,122
549,40,8,300453,2,1,1,211
550,14,5,194518,1,3,3,133
551,152,4,142742,4,4,4,444
552,159,4,146662,4,4,4,444
553,19,6,239186,2,3,2,232
554,38,3,116656,2,4,4,244
555,165,4,165157,4,4,3,443
556,9,5,188398,1,3,3,133
557,181,2,82231,4,4,4,444
558,35,7,263557,2,2,2,222
559,6,4,150896,1,4,4,144
560,41,6,227763,2,3,2,232
561,28,6,236134,2,3,2,232
562,36,5,196555,2,3,3,233
563,33,7,259328,2,2,2,222
564,11,6,233820,1,3,2,132
565,104,10,388243,4,1,1,411
566,52,3,106054,3,4,4,344
567,60,4,142805,3,4,4,344
568,91,7,280474,4,2,1,421
569,98,4,147976,4,4,4,444
570,35,6,218895,2,3,2,232
571,72,3,116240,3,4,4,344
572,13,6,234446,1,3,2,132
573,105,2,70097,4,4,4,444
574,277,4,150289,4,4,4,444
575,248,2,75990,4,4,4,444
576,7,6,239166,1,3,2,132
577,2,11,425034,1,1,1,111
578,199,7,278868,4,2,1,421
579,52,9,337901,3,1,1,311
580,24,5,184146,2,3,3,233
581,53,4,150144,3,4,4,344
582,149,4,157294,4,4,3,443
583,31,4,143027,2,4,4,244
584,132,4,153279,4,4,3,443
585,97,7,248835,4,2,2,422
586,90,4,116556,4,4,4,444
587,53,7,229667,3,2,2,322
588,19,5,187832,2,3,3,233
589,10,3,112085,1,4,4,144
590,43,12,462584,2,1,1,211
591,221,2,75993,4,4,4,444
592,199,4,159766,4,4,3,443
593,1,6,232381,1,3,2,132
594,33,9,349241,2,1,1,211
595,184,3,120294,4,4,4,444
596,85,3,119832,3,4,4,344
597,61,5,193871,3,3,3,333
598,131,7,271544,4,2,1,421
599,115,5,198116,4,3,3,433
600,206,3,116247,4,4,4,444
601,58,5,197923,3,3,3,333
602,77,5,194028,3,3,3,333
603,49,7,273067,3,2,1,321
604,69,6,229193,3,3,2,332
605,2,8,291623,1,1,1,111
606,55,6,230349,3,3,2,332
607,58,10,380940,3,1,1,311
608,85,8,291305,3,1,1,311
609,36,4,152123,2,4,4,244
610,46,9,338828,3,1,1,311
611,3,8,324058,1,1,1,111
612,1,5,182911,1,3,3,133
613,3,6,221999,1,3,2,132
614,18,9,351799,2,1,1,211
615,42,4,143732,2,4,4,244
616,92,4,157138,4,4,3,443
617,20,4,154789,2,4,3,243
618,308,2,71202,4,4,4,444
619,65,7,262695,3,2,2,322
620,103,8,307513,4,1,1,411
621,2,9,345892,1,1,1,111
622,266,3,113584,4,4,4,444
623,93,3,117868,4,4,4,444
624,90,3,112222,4,4,4,444
625,16,6,218083,1,3,2,132
626,54,9,346557,3,1,1,311
627,58,5,193078,3,3,3,333
628,54,5,190194,3,3,3,333
629,64,8,310389,3,1,1,311
630,53,7,270070,3,2,2,322
631,16,6,232604,1,3,2,132
632,41,3,105649,2,4,4,244
633,1,7,268597,1,2,2,122
634,17,8,293920,1,1,1,111
635,39,6,226349,2,3,2,232
636,19,7,267514,2,2,2,222
637,7,13,494633,1,1,1,111
638,60,8,313557,3,1,1,311
639,8,6,227012,1,3,2,132
640,10,8,291060,1,1,1,111
641,202,4,159167,4,4,3,443
642,24,7,259824,2,2,2,222
643,197,4,148394,4,4,4,444
644,157,3,127604,4,4,4,444
645,116,7,274987,4,2,1,421
646,110,4,142871,4,4,4,444
647,42,9,337132,2,1,1,211
648,57,7,271099,3,2,1,321
649,11,5,199903,1,3,3,133
650,50,6,233588,3,3,2,332
651,18,3,115601,2,4,4,244
652,5,9,349038,1,1,1,111
653,37,5,187365,2,3,3,233
654,28,4,156053,2,4,3,243
655,51,6,226249,3,3,2,332
656,10,8,313425,1,1,1,111
657,76,6,223791,3,3,2,332
658,97,5,177780,4,3,3,433
659,146,3,123946,4,4,4,444
660,12,4,149458,1,4,4,144
661,34,6,224450,2,3,2,232
662,86,7,262805,4,2,2,422
663,73,4,147360,3,4,4,344
664,84,5,184887,3,3,3,333
665,85,8,302565,3,1,1,311
666,41,5,182829,2,3,3,233
667,19,5,202387,2,3,3,233
668,6,7,270776,1,2,1,121
669,8,11,408964,1,1,1,111
670,116,4,145114,4,4,4,444
671,62,6,227503,3,3,2,332
672,50,3,102342,3,4,4,344
673,2,5,183151,1,3,3,133
674,115,6,239950,4,3,2,432
675,0,3,113161,1,4,4,144
676,33,6,234292,2,3,2,232
677,71,5,197234,3,3,3,333
678,94,4,150073,4,4,4,444
679,62,10,368006,3,1,1,311
680,14,4,147668,1,4,4,144
681,7,6,232208,1,3,2,132
682,20,7,264972,2,2,2,222
683,15,5,190097,1,3,3,133
684,42,8,310670,2,1,1,211
685,102,6,233282,4,3,2,432
686,37,5,197339,2,3,3,233
687,8,6,225744,1,3,2,132
688,81,4,158664,3,4,3,343
689,12,3,110681,1,4,4,144
690,64,6,233417,3,3,2,332
691,39,8,316949,2,1,1,211
692,50,9,348789,3,1,1,311
693,10,5,187728,1,3,3,133
694,7,5,184344,1,3,3,133
695,16,8,313800,1,1,1,111
696,21,7,225106,2,2,2,222
697,11,4,148064,1,4,4,144
698,76,3,118990,3,4,4,344
699,55,3,112864,3,4,4,344
700,106,8,304373,4,1,1,411
701,32,6,229795,2,3,2,232
702,62,3,111857,3,4,4,344
703,1,5,206832,1,3,3,133
704,10,10,375770,1,1,1,111
705,11,5,155267,1,3,3,133
706,30,6,221545,2,3,2,232
707,44,6,236279,2,3,2,232
708,175,3,113591,4,4,4,444
709,146,5,188071,4,3,3,433
710,39,7,262790,2,2,2,222
711,83,4,159167,3,4,3,343
712,61,8,300038,3,1,1,311
713,255,4,154594,4,4,3,443
714,59,11,384773,3,1,1,311
715,158,3,113279,4,4,4,444
716,12,6,230146,1,3,2,132
717,14,6,223360,1,3,2,132
718,34,8,323657,2,1,1,211
719,11,9,301311,1,1,1,111
720,20,10,379939,2,1,1,211
721,4,7,266208,1,2,2,122
722,87,5,184007,4,3,3,433
723,15,8,288087,1,1,1,111
724,23,8,301073,2,1,1,211
725,3,11,400300,1,1,1,111
726,54,3,115213,3,4,4,344
727,61,6,219792,3,3,2,332
728,25,9,338349,2,1,1,211
729,1,10,377463,1,1,1,111
730,14,7,264785,1,2,2,122
731,25,6,188291,2,3,3,233
732,64,5,196535,3,3,3,333
733,46,10,397940,3,1,1,311
734,89,3,109224,4,4,4,444
735,87,4,165909,4,4,3,443
736,11,6,221545,1,3,2,132
737,54,7,262896,3,2,2,322
738,69,8,315552,3,1,1,311
739,1,10,388018,1,1,1,111
740,61,4,154763,3,4,3,343
741,148,5,190809,4,3,3,433
742,10,6,227340,1,3,2,132
743,89,5,186832,4,3,3,433
744,23,5,191560,2,3,3,233
745,11,4,153197,1,4,3,143
746,43,6,221114,2,3,2,232
747,35,2,75340,2,4,4,244
748,46,9,336812,3,1,1,311
749,80,9,341170,3,1,1,311
750,58,6,231503,3,3,2,332
751,130,2,78165,4,4,4,444
752,20,8,301972,2,1,1,211
753,15,8,294012,1,1,1,111
754,210,2,74794,4,4,4,444
755,95,3,123621,4,4,4,444
756,25,6,237182,2,3,2,232
757,72,5,182669,3,3,3,333
758,27,2,71122,2,4,4,244
759,23,9,342741,2,1,1,211
760,26,9,350859,2,1,1,211
761,145,5,177102,4,3,3,433
762,85,5,187326,3,3,3,333
763,74,6,234419,3,3,2,332
764,79,4,118009,3,4,4,344
765,24,10,390555,2,1,1,211
766,16,6,221898,1,3,2,132
767,42,5,189536,2,3,3,233
768,5,9,333600,1,1,1,111
769,19,8,306668,2,1,1,211
770,49,6,234760,3,3,2,332
771,124,6,234976,4,3,2,432
772,2,6,236061,1,3,2,132
773,72,8,308996,3,1,1,311
774,143,1,33888,4,4,4,444
775,58,7,261649,3,2,2,322
776,13,9,346399,1,1,1,111
777,27,6,220543,2,3,2,232
778,33,5,156738,2,3,3,233
779,82,5,187586,3,3,3,333
780,88,3,123874,4,4,4,444
781,125,5,193451,4,3,3,433
782,25,6,232846,2,3,2,232
783,96,5,180673,4,3,3,433
784,143,2,70526,4,4,4,444
785,18,6,223229,2,3,2,232
786,9,7,267985,1,2,2,122
787,75,10,381678,3,1,1,311
788,39,7,246153,2,2,2,222
789,4,8,312154,1,1,1,111
790,14,8,296774,1,1,1,111
791,123,6,237327,4,3,2,432
792,17,6,229114,1,3,2,132
793,1,10,367129,1,1,1,111
794,22,7,275547,2,2,1,221
795,18,5,182442,2,3,3,233
796,6,7,276520,1,2,1,121
797,21,4,148659,2,4,4,244
798,21,3,111610,2,4,4,244
799,10,11,410773,1,1,1,111
800,85,6,228647,3,3,2,332
801,182,2,77679,4,4,4,444
802,95,6,238862,4,3,2,432
803,66,6,227231,3,3,2,332
804,41,3,120696,2,4,4,244
805,122,6,228255,4,3,2,432
806,31,4,152246,2,4,4,244
807,80,4,157858,3,4,3,343
808,123,3,125641,4,4,4,444
809,45,4,144626,3,4,4,344
810,68,4,156391,3,4,3,343
811,174,4,105088,4,4,4,444
812,197,3,72764,4,4,4,444
813,50,5,193146,3,3,3,333
814,48,3,115307,3,4,4,344
815,27,6,212851,2,3,2,232
816,53,4,147416,3,4,4,344
817,16,5,205299,1,3,3,133
818,40,6,228009,2,3,2,232
819,43,5,196403,2,3,3,233
820,3,10,368446,1,1,1,111
821,33,5,200821,2,3,3,233
822,328,1,41009,4,4,4,444
823,23,6,239001,2,3,2,232
824,9,4,156619,1,4,3,143
825,10,8,286364,1,1,1,111
826,4,4,153595,1,4,3,143
827,49,8,299014,3,1,1,311
828,79,5,192435,3,3,3,333
829,12,6,225438,1,3,2,132
830,149,6,218884,4,3,2,432
831,11,5,183861,1,3,3,133
832,17,12,462270,1,1,1,111
833,25,8,304736,2,1,1,211
834,18,4,156016,2,4,3,243
835,7,8,307526,1,1,1,111
836,72,4,161930,3,4,3,343
837,157,3,119717,4,4,4,444
838,41,4,153623,2,4,3,243
839,106,4,146602,4,4,4,444
840,38,6,226280,2,3,2,232
841,150,7,275645,4,2,1,421
842,55,4,152873,3,4,3,343
843,2,6,235393,1,3,2,132
844,31,9,348244,2,1,1,211
845,97,4,151546,4,4,4,444
846,82,3,109948,3,4,4,344
847,114,5,141630,4,3,4,434
848,140,4,154541,4,4,3,443
849,27,6,232866,2,3,2,232
850,34,8,306122,2,1,1,211
851,9,4,152797,1,4,4,144
853,64,9,340171,3,1,1,311
854,8,4,143520,1,4,4,144
855,104,4,162963,4,4,3,443
856,1,7,267237,1,2,2,122
857,24,5,179590,2,3,3,233
858,11,6,235247,1,3,2,132
859,18,6,229894,2,3,2,232
860,91,4,148306,4,4,4,444
861,54,5,188257,3,3,3,333
862,54,1,41009,3,4,4,344
863,69,4,152311,3,4,4,344
864,46,6,231328,3,3,2,332
865,121,7,263447,4,2,2,422
866,98,5,196117,4,3,3,433
867,293,6,234936,4,3,2,432
868,83,6,236725,3,3,2,332
870,61,8,272895,3,1,1,311
871,54,8,304724,3,1,1,311
872,171,1,38339,4,4,4,444
873,31,5,186838,2,3,3,233
874,46,8,292033,3,1,1,311
875,63,6,227641,3,3,2,332
876,16,3,116183,1,4,4,144
877,17,9,337894,1,1,1,111
878,79,3,121576,3,4,4,344
879,76,4,154042,3,4,3,343
880,62,3,114847,3,4,4,344
881,147,3,119945,4,4,4,444
882,112,5,197195,4,3,3,433
883,47,4,149168,3,4,4,344
884,1,6,198658,1,3,3,133
885,7,3,120406,1,4,4,144
886,1,7,255037,1,2,2,122
887,39,8,303234,2,1,1,211
888,68,5,187364,3,3,3,333
889,36,5,194854,2,3,3,233
890,165,4,156456,4,4,3,443
891,12,5,179893,1,3,3,133
892,90,10,371503,4,1,1,411
893,75,7,275499,3,2,1,321
894,48,8,310560,3,1,1,311
895,61,3,114377,3,4,4,344
896,38,4,152230,2,4,4,244
897,98,8,285782,4,1,1,411
898,205,1,41245,4,4,4,444
899,49,6,228379,3,3,2,332
900,12,4,153077,1,4,3,143
901,82,4,154530,3,4,3,343
902,14,9,355726,1,1,1,111
903,16,9,349499,1,1,1,111
904,37,4,155102,2,4,3,243
905,105,8,303965,4,1,1,411
906,16,9,333602,1,1,1,111
907,26,7,265462,2,2,2,222
908,4,7,263183,1,2,2,122
909,189,5,187597,4,3,3,433
910,272,2,71953,4,4,4,444
911,56,5,195898,3,3,3,333
912,40,7,263738,2,2,2,222
913,63,5,149157,3,3,4,334
914,106,5,186087,4,3,3,433
915,28,5,185286,2,3,3,233
916,36,5,160976,2,3,3,233
917,35,8,287408,2,1,1,211
918,16,6,186667,1,3,3,133
919,80,9,344173,3,1,1,311
920,90,6,227330,4,3,2,432
921,44,8,311054,2,1,1,211
922,188,2,37874,4,4,4,444
923,32,7,280858,2,2,1,221
924,109,9,358546,4,1,1,411
925,12,10,355731,1,1,1,111
926,12,6,225831,1,3,2,132
927,295,3,106012,4,4,4,444
928,11,8,310882,1,1,1,111
929,56,5,183425,3,3,3,333
930,21,3,111014,2,4,4,244
931,70,5,192952,3,3,3,333
932,3,6,224757,1,3,2,132
933,0,5,184360,1,3,3,133
934,0,8,302922,1,1,1,111
935,53,7,264604,3,2,2,322
936,32,12,450193,2,1,1,211
937,15,5,196652,1,3,3,133
938,61,9,339341,3,1,1,311
939,31,4,147416,2,4,4,244
940,52,5,192871,3,3,3,333
941,33,10,380463,2,1,1,211
942,143,4,152351,4,4,4,444
943,112,7,264702,4,2,2,422
944,85,8,303387,3,1,1,311
945,14,7,274409,1,2,1,121
946,2,8,313865,1,1,1,111
947,80,6,185070,3,3,3,333
948,100,3,111434,4,4,4,444
949,88,6,220801,4,3,2,432
950,32,7,266753,2,2,2,222
951,6,6,226591,1,3,2,132
952,46,5,190751,3,3,3,333
953,11,9,338409,1,1,1,111
954,113,4,154183,4,4,3,443
955,13,7,265743,1,2,2,122
956,173,3,118073,4,4,4,444
957,38,5,200031,2,3,3,233
958,34,6,240381,2,3,2,232
959,76,6,235732,3,3,2,332
960,78,4,151386,3,4,4,344
961,64,4,111392,3,4,4,344
962,2,7,267871,1,2,2,122
963,60,12,447473,3,1,1,311
964,1,5,188579,1,3,3,133
965,60,4,157709,3,4,3,343
966,13,4,157386,1,4,3,143
967,66,4,148754,3,4,4,344
968,35,8,270649,2,1,1,211
969,17,5,203962,1,3,3,133
970,33,5,193056,2,3,3,233
971,48,5,172491,3,3,3,333
972,175,2,73851,4,4,4,444
973,8,8,311996,1,1,1,111
974,6,6,234169,1,3,2,132
975,10,9,309879,1,1,1,111
976,170,6,231695,4,3,2,432
977,41,5,183274,2,3,3,233
978,192,5,186280,4,3,3,433
979,5,5,194260,1,3,3,133
980,177,5,198861,4,3,3,433
981,25,7,265659,2,2,2,222
982,55,6,234591,3,3,2,332
983,1,8,295493,1,1,1,111
984,56,8,307297,3,1,1,311
985,14,4,163879,1,4,3,143
986,75,8,299163,3,1,1,311
987,22,8,309359,2,1,1,211
988,112,2,79270,4,4,4,444
989,25,6,198541,2,3,3,233
990,11,7,258063,1,2,2,122
991,147,6,217314,4,3,2,432
992,95,2,78938,4,4,4,444
993,0,9,332235,1,1,1,111
994,42,5,182514,2,3,3,233
995,11,7,269736,1,2,2,122
996,63,6,233060,3,3,2,332
997,59,7,267956,3,2,2,322
998,321,2,80056,4,4,4,444
999,54,10,380408,3,1,1,311
1000,0,9,340046,1,1,1,111
1001,42,7,273968,2,2,1,221
1002,155,4,151766,4,4,4,444
1003,47,9,341082,3,1,1,311
1004,203,6,243442,4,3,2,432
1005,159,5,187668,4,3,3,433
1006,37,8,308660,2,1,1,211
1007,20,7,270835,2,2,1,221
1008,17,4,154945,1,4,3,143
1009,54,5,184955,3,3,3,333
1010,126,4,107133,4,4,4,444
1011,242,3,106477,4,4,4,444
1012,9,4,162162,1,4,3,143
1013,95,6,222598,4,3,2,432
1014,4,7,282880,1,2,1,121
1015,26,6,232789,2,3,2,232
1016,66,6,230059,3,3,2,332
1017,226,3,120289,4,4,4,444
1018,26,5,192722,2,3,3,233
1019,42,5,182864,2,3,3,233
1020,89,4,144319,4,4,4,444
1021,28,8,302835,2,1,1,211
1022,83,5,181459,3,3,3,333
1023,125,2,82944,4,4,4,444
1024,34,8,311508,2,1,1,211
1025,60,8,299957,3,1,1,311
1026,29,7,222204,2,2,2,222
1027,24,6,241502,2,3,2,232
1028,8,7,263282,1,2,2,122
1029,30,6,222401,2,3,2,232
1030,39,8,303720,2,1,1,211
1031,46,3,112192,3,4,4,344
1032,30,8,300880,2,1,1,211
1033,14,9,338307,1,1,1,111
1034,104,2,76875,4,4,4,444
1035,13,3,120390,1,4,4,144
1036,162,5,196076,4,3,3,433
1037,73,8,297297,3,1,1,311
1038,12,4,140210,1,4,4,144
1039,52,7,269852,3,2,2,322
1040,161,4,150286,4,4,4,444
1041,20,4,153852,2,4,3,243
1042,35,3,113335,2,4,4,244
1043,130,10,296338,4,1,1,411
1044,112,5,193257,4,3,3,433
1045,113,3,108790,4,4,4,444
1046,52,5,191596,3,3,3,333
1047,57,8,298809,3,1,1,311
1048,133,7,267289,4,2,2,422
1049,32,10,378196,2,1,1,211
1050,26,6,235518,2,3,2,232
1051,179,5,176625,4,3,3,433
1052,0,6,240316,1,3,2,132
1053,139,3,116892,4,4,4,444
1054,5,8,329041,1,1,1,111
1055,206,2,71220,4,4,4,444
1056,24,7,275044,2,2,1,221
1057,48,4,159984,3,4,3,343
1058,116,3,105094,4,4,4,444
1059,22,2,79263,2,4,4,244
1060,187,6,238442,4,3,2,432
1061,24,6,225565,2,3,2,232
1062,2,6,232239,1,3,2,132
1063,46,6,231663,3,3,2,332
1064,139,3,117222,4,4,4,444
1065,79,6,231798,3,3,2,332
1066,166,3,108068,4,4,4,444
1067,232,2,72308,4,4,4,444
1068,4,14,531514,1,1,1,111
1069,204,5,187777,4,3,3,433
1070,0,4,152021,1,4,4,144
1071,39,6,229039,2,3,2,232
1072,46,3,105035,3,4,4,344
1073,17,6,225223,1,3,2,132
1074,16,8,293821,1,1,1,111
1075,67,7,226515,3,2,2,322
1076,9,12,449952,1,1,1,111
1077,5,6,228594,1,3,2,132
1078,18,6,192355,2,3,3,233
1079,17,4,144169,1,4,4,144
1080,47,3,117785,3,4,4,344
1081,11,5,194523,1,3,3,133
1082,47,5,184259,3,3,3,333
1083,266,2,76341,4,4,4,444
1084,4,11,396498,1,1,1,111
1085,64,4,146288,3,4,4,344
1086,13,9,349808,1,1,1,111
1087,14,3,115871,1,4,4,144
1088,13,6,218422,1,3,2,132
1089,151,7,263096,4,2,2,422
1090,71,7,266335,3,2,2,322
1091,4,11,388938,1,1,1,111
1092,202,5,183706,4,3,3,433
1093,99,9,353348,4,1,1,411
1094,43,7,268413,2,2,2,222
1095,14,4,150403,1,4,4,144
1096,55,5,185425,3,3,3,333
1097,76,4,118420,3,4,4,344
1098,8,8,302995,1,1,1,111
1099,110,2,69404,4,4,4,444
1100,45,3,118879,3,4,4,344
1101,113,5,175080,4,3,3,433
1102,21,8,301909,2,1,1,211
1103,32,12,451415,2,1,1,211
1104,11,7,263663,1,2,2,122
1105,16,2,81577,1,4,4,144
1106,24,9,342827,2,1,1,211
1107,48,6,238356,3,3,2,332
1108,12,4,157039,1,4,3,143
1109,208,3,112607,4,4,4,444
1110,17,6,228761,1,3,2,132
1111,20,7,273244,2,2,1,221
1112,108,3,118545,4,4,4,444
1113,26,9,349575,2,1,1,211
1114,64,4,150727,3,4,4,344
1115,2,9,343644,1,1,1,111
1116,7,3,115609,1,4,4,144
1117,136,10,364643,4,1,1,411
1118,38,4,150192,2,4,4,244
1119,98,7,274257,4,2,1,421
1120,1,6,224925,1,3,2,132
1121,7,2,74932,1,4,4,144
1122,26,5,181355,2,3,3,233
1123,10,5,189569,1,3,3,133
1124,44,3,121810,2,4,4,244
1125,29,5,176203,2,3,3,233
1126,19,4,144765,2,4,4,244
1127,136,4,155635,4,4,3,443
1128,26,5,195275,2,3,3,233
1129,26,13,495232,2,1,1,211
1130,117,5,191599,4,3,3,433
1131,53,8,311194,3,1,1,311
1132,44,9,354651,2,1,1,211
1133,17,7,275222,1,2,1,121
1134,3,7,257499,1,2,2,122
1135,164,3,110057,4,4,4,444
1136,35,6,226404,2,3,2,232
1137,5,9,345053,1,1,1,111
1138,124,6,215919,4,3,2,432
1139,69,4,161783,3,4,3,343
1140,6,13,498236,1,1,1,111
1141,133,5,193332,4,3,3,433
1142,38,4,151010,2,4,4,244
1143,4,5,186511,1,3,3,133
1144,17,7,279396,1,2,1,121
1145,13,2,69039,1,4,4,144
1146,73,2,79059,3,4,4,344
1147,165,6,229057,4,3,2,432
1148,8,3,119401,1,4,4,144
1149,188,4,161902,4,4,3,443
1150,103,5,189726,4,3,3,433
1151,75,5,194051,3,3,3,333
1152,24,8,301705,2,1,1,211
1153,17,5,178401,1,3,3,133
1154,131,6,239272,4,3,2,432
1155,29,7,272461,2,2,1,221
1156,40,4,152395,2,4,4,244
1157,85,7,278187,3,2,1,321
1158,2,7,267506,1,2,2,122
1159,6,4,153477,1,4,3,143
1160,163,3,118524,4,4,4,444
1161,12,4,152513,1,4,4,144
1162,136,4,155162,4,4,3,443
1163,48,5,191359,3,3,3,333
1164,153,3,113951,4,4,4,444
1165,10,9,342255,1,1,1,111
1166,14,6,232013,1,3,2,132
1167,10,4,147751,1,4,4,144
1168,59,7,264953,3,2,2,322
1169,62,7,257508,3,2,2,322
1170,86,5,195488,4,3,3,433
1171,34,9,340286,2,1,1,211
1172,44,6,198647,2,3,3,233
1173,108,3,117120,4,4,4,444
1174,8,3,109424,1,4,4,144
1175,218,2,78749,4,4,4,444
1176,77,4,159581,3,4,3,343
1177,87,8,299897,4,1,1,411
1178,44,8,302174,2,1,1,211
1179,7,4,147979,1,4,4,144
1180,59,4,160316,3,4,3,343
1181,44,10,373601,2,1,1,211
1182,5,8,259390,1,1,2,112
1183,153,5,198697,4,3,3,433
1184,5,6,220599,1,3,2,132
1185,9,3,113536,1,4,4,144
1186,33,6,234860,2,3,2,232
1187,58,4,153880,3,4,3,343
1188,18,2,79053,2,4,4,244
1189,47,4,160651,3,4,3,343
1190,6,6,227243,1,3,2,132
1191,43,8,292325,2,1,1,211
1192,79,5,194876,3,3,3,333
1193,36,4,160182,2,4,3,243
1194,28,8,324343,2,1,1,211
1195,19,5,185737,2,3,3,233
1196,18,6,234959,2,3,2,232
1197,7,4,152015,1,4,4,144
1198,68,6,228777,3,3,2,332
1199,43,8,307082,2,1,1,211
1200,79,9,348484,3,1,1,311
1201,82,3,107278,3,4,4,344
1202,85,3,115592,3,4,4,344
1203,7,1,33364,1,4,4,144
1204,24,3,73993,2,4,4,244
1205,22,9,354712,2,1,1,211
1206,83,2,72834,3,4,4,344
1207,13,7,253963,1,2,2,122
1208,77,5,203414,3,3,3,333
1209,131,2,74630,4,4,4,444
1210,17,9,313301,1,1,1,111
1211,234,4,150661,4,4,4,444
1212,71,3,102521,3,4,4,344
1213,69,7,253908,3,2,2,322
1214,23,4,149639,2,4,4,244
1215,77,8,301876,3,1,1,311
1216,7,4,152960,1,4,3,143
1217,10,7,265269,1,2,2,122
1218,50,6,234627,3,3,2,332
1219,4,3,119335,1,4,4,144
1220,66,5,196375,3,3,3,333
1221,9,7,247726,1,2,2,122
1222,51,3,106686,3,4,4,344
1223,34,8,317524,2,1,1,211
1224,47,8,290246,3,1,1,311
1225,58,4,156932,3,4,3,343
1226,24,5,196853,2,3,3,233
1227,61,12,457435,3,1,1,311
1228,132,4,163311,4,4,3,443
1229,19,9,334073,2,1,1,211
1230,76,2,76079,3,4,4,344
1231,175,2,79703,4,4,4,444
1232,4,9,341485,1,1,1,111
1233,14,9,323511,1,1,1,111
1234,85,8,305696,3,1,1,311
1235,81,3,112428,3,4,4,344
1236,41,5,185085,2,3,3,233
1237,23,11,426758,2,1,1,211
1238,101,6,188244,4,3,3,433
1239,38,7,279807,2,2,1,221
1240,5,4,148043,1,4,4,144
1241,75,7,252901,3,2,2,322
1242,17,3,112973,1,4,4,144
1243,70,10,385508,3,1,1,311
1244,19,5,198724,2,3,3,233
1245,71,7,262039,3,2,2,322
1246,114,2,68714,4,4,4,444
1247,90,4,161696,4,4,3,443
1248,67,1,35560,3,4,4,344
1249,106,5,191330,4,3,3,433
1250,35,10,381216,2,1,1,211
1251,61,4,147936,3,4,4,344
1252,9,7,260846,1,2,2,122
1253,4,4,158047,1,4,3,143
1254,37,7,280518,2,2,1,221
1255,78,3,112276,3,4,4,344
1256,81,6,226885,3,3,2,332
1257,256,3,117645,4,4,4,444
1258,52,8,297526,3,1,1,311
1259,41,7,257401,2,2,2,222
1260,66,5,189275,3,3,3,333
1261,48,6,225000,3,3,2,332
1262,43,3,117548,2,4,4,244
1263,42,6,235360,2,3,2,232
1264,2,4,154911,1,4,3,143
1265,7,4,151067,1,4,4,144
1266,257,2,76675,4,4,4,444
1267,141,4,160184,4,4,3,443
1268,67,3,114401,3,4,4,344
1269,211,3,121123,4,4,4,444
1270,205,4,161878,4,4,3,443
1271,187,2,78953,4,4,4,444
1272,24,10,379493,2,1,1,211
1273,23,3,111057,2,4,4,244
1274,14,10,376575,1,1,1,111
1275,149,6,227393,4,3,2,432
1276,100,2,73983,4,4,4,444
1277,55,3,111591,3,4,4,344
1278,64,4,148303,3,4,4,344
1279,52,6,221874,3,3,2,332
1280,106,4,156634,4,4,3,443
1281,87,3,112411,4,4,4,444
1282,38,8,307315,2,1,1,211
1283,93,2,79702,4,4,4,444
1284,78,3,116579,3,4,4,344
1285,117,8,309582,4,1,1,411
1286,51,7,270746,3,2,1,321
1287,67,7,262868,3,2,2,322
1288,22,5,192637,2,3,3,233
1289,11,6,229960,1,3,2,132
1290,44,9,355855,2,1,1,211
1291,16,7,280064,1,2,1,121
1292,31,5,198710,2,3,3,233
1293,239,5,176826,4,3,3,433
1294,176,3,120304,4,4,4,444
1295,29,7,239112,2,2,2,222
1296,130,4,152103,4,4,4,444
1297,2,6,242344,1,3,2,132
1298,141,5,192599,4,3,3,433
1299,6,7,268709,1,2,2,122
1300,20,6,238979,2,3,2,232
1301,12,8,305164,1,1,1,111
1302,29,13,500960,2,1,1,211
1303,10,6,224723,1,3,2,132
1304,3,6,230036,1,3,2,132
1305,142,5,193073,4,3,3,433
1306,12,6,225957,1,3,2,132
1307,90,9,333052,4,1,1,411
1308,15,5,187626,1,3,3,133
1309,82,4,145753,3,4,4,344
1310,20,5,198083,2,3,3,233
1311,37,4,152880,2,4,3,243
1312,26,4,152566,2,4,4,244
1313,7,8,264794,1,1,2,112
1314,27,6,242434,2,3,2,232
1315,5,8,303436,1,1,1,111
1316,32,5,184700,2,3,3,233
1317,10,9,341346,1,1,1,111
1318,7,7,261331,1,2,2,122
1319,16,5,121940,1,3,4,134
1320,94,6,223527,4,3,2,432
1321,103,7,275034,4,2,1,421
1322,63,4,143959,3,4,4,344
1323,53,7,265532,3,2,2,322
1324,74,7,264296,3,2,2,322
1325,82,1,40672,3,4,4,344
1326,10,6,221609,1,3,2,132
1327,6,5,184854,1,3,3,133
1328,0,7,283662,1,2,1,121
1329,4,11,429121,1,1,1,111
1330,75,6,224035,3,3,2,332
1331,5,10,386805,1,1,1,111
1332,31,8,309560,2,1,1,211
1333,7,3,112391,1,4,4,144
1334,240,2,77277,4,4,4,444
1335,52,7,264923,3,2,2,322
1336,78,6,217754,3,3,2,332
1337,83,6,225693,3,3,2,332
1338,231,2,76598,4,4,4,444
1339,102,5,192888,4,3,3,433
1340,28,8,314826,2,1,1,211
1341,10,4,152420,1,4,4,144
1342,3,5,191925,1,3,3,133
1343,20,4,122679,2,4,4,244
1344,21,3,115147,2,4,4,244
1345,43,6,235358,2,3,2,232
1346,15,9,350782,1,1,1,111
1347,91,6,222417,4,3,2,432
1348,114,5,180278,4,3,3,433
1349,43,6,221263,2,3,2,232
1350,116,2,71601,4,4,4,444
1351,17,6,219386,1,3,2,132
1352,88,3,117336,4,4,4,444
1353,14,9,338082,1,1,1,111
1354,74,3,116139,3,4,4,344
1355,8,5,194047,1,3,3,133
1356,22,6,228741,2,3,2,232
1357,12,10,396618,1,1,1,111
1358,3,8,304014,1,1,1,111
1359,12,2,74793,1,4,4,144
1360,181,3,121275,4,4,4,444
1361,28,7,272312,2,2,1,221
1362,118,2,70556,4,4,4,444
1363,24,7,256294,2,2,2,222
1364,64,5,187195,3,3,3,333
1365,217,4,156733,4,4,3,443
1366,54,5,184658,3,3,3,333
1367,11,7,257176,1,2,2,122
1368,48,6,243192,3,3,2,332
1369,178,4,154585,4,4,3,443
1370,26,4,143712,2,4,4,244
1371,26,4,152866,2,4,3,243
1372,66,6,222598,3,3,2,332
1374,39,8,319298,2,1,1,211
1375,82,5,189088,3,3,3,333
1376,89,6,231087,4,3,2,432
1377,75,5,187231,3,3,3,333
1378,12,6,229614,1,3,2,132
1379,28,5,191288,2,3,3,233
1380,198,3,125308,4,4,4,444
1381,113,5,179868,4,3,3,433
1382,122,2,67443,4,4,4,444
1383,57,4,144958,3,4,4,344
1384,36,6,218838,2,3,2,232
1385,142,5,200599,4,3,3,433
1386,106,3,118422,4,4,4,444
1387,215,1,42458,4,4,4,444
1388,19,6,227351,2,3,2,232
1389,49,9,343905,3,1,1,311
1390,1,9,341613,1,1,1,111
1391,63,3,117564,3,4,4,344
1392,107,3,118025,4,4,4,444
1393,1,3,115311,1,4,4,144
1394,171,4,157324,4,4,3,443
1395,87,3,109559,4,4,4,444
1396,9,10,399552,1,1,1,111
1397,137,6,241733,4,3,2,432
1398,36,7,264041,2,2,2,222
1399,16,4,153358,1,4,3,143
1400,56,7,257355,3,2,2,322
1401,81,4,155301,3,4,3,343
1402,40,8,292160,2,1,1,211
1403,164,2,78894,4,4,4,444
1404,7,10,394125,1,1,1,111
1405,33,11,427592,2,1,1,211
1406,28,6,227204,2,3,2,232
1407,0,9,337335,1,1,1,111
1408,10,3,119840,1,4,4,144
1409,22,5,185034,2,3,3,233
1410,60,7,267915,3,2,2,322
1411,35,6,232323,2,3,2,232
1412,121,4,150687,4,4,4,444
1413,3,6,230632,1,3,2,132
1414,18,2,75364,2,4,4,244
1415,57,4,153126,3,4,3,343
1416,67,5,154953,3,3,3,333
1417,56,7,274951,3,2,1,321
1418,86,7,227969,4,2,2,422
1419,22,5,185666,2,3,3,233
1420,38,5,190099,2,3,3,233
1421,57,6,224261,3,3,2,332
1422,38,8,294044,2,1,1,211
1423,24,6,226270,2,3,2,232
1424,76,3,114107,3,4,4,344
1425,0,4,149192,1,4,4,144
1426,48,7,278512,3,2,1,321
1427,59,6,230915,3,3,2,332
1428,15,10,394913,1,1,1,111
1429,31,7,215097,2,2,2,222
1430,108,6,192954,4,3,3,433
1431,19,4,156309,2,4,3,243
1432,33,6,227955,2,3,2,232
1433,131,3,109137,4,4,4,444
1434,124,2,70212,4,4,4,444
1435,33,7,270040,2,2,2,222
1436,72,5,185663,3,3,3,333
1437,143,3,114733,4,4,4,444
1438,6,11,408976,1,1,1,111
1439,65,4,155698,3,4,3,343
1440,19,6,223699,2,3,2,232
1441,158,2,74907,4,4,4,444
1442,53,3,119913,3,4,4,344
1443,44,10,383714,2,1,1,211
1444,38,5,197767,2,3,3,233
1445,6,6,231755,1,3,2,132
1446,10,7,264788,1,2,2,122
1447,97,7,260374,4,2,2,422
1448,237,1,41922,4,4,4,444
1449,14,6,227749,1,3,2,132
1450,42,7,269470,2,2,2,222
1451,31,7,257480,2,2,2,222
1452,2,5,175642,1,3,3,133
1453,0,5,190833,1,3,3,133
1454,5,5,201592,1,3,3,133
1455,32,5,183811,2,3,3,233
1456,8,4,147725,1,4,4,144
1457,65,7,271550,3,2,1,321
1458,198,3,117603,4,4,4,444
1459,98,4,154763,4,4,3,443
1460,12,8,321089,1,1,1,111
1461,18,7,275794,2,2,1,221
1462,81,6,189959,3,3,3,333
1463,110,5,194312,4,3,3,433
1464,106,7,259763,4,2,2,422
1465,107,4,160299,4,4,3,443
1466,33,3,110215,2,4,4,244
1467,13,7,268735,1,2,2,122
1468,24,7,266578,2,2,2,222
1469,74,6,237907,3,3,2,332
1470,1,8,319761,1,1,1,111
1471,5,5,182471,1,3,3,133
1472,69,7,268450,3,2,2,322
1473,32,11,439837,2,1,1,211
1474,66,5,200406,3,3,3,333
1475,46,8,290750,3,1,1,311
1476,24,2,74481,2,4,4,244
1477,19,9,353273,2,1,1,211
1478,1,8,291975,1,1,1,111
1479,15,6,188371,1,3,3,133
1480,2,9,342278,1,1,1,111
1481,20,9,296267,2,1,1,211
1482,68,12,453926,3,1,1,311
1483,29,8,303028,2,1,1,211
1484,14,5,189964,1,3,3,133
1485,4,2,71765,1,4,4,144
1486,32,5,182342,2,3,3,233
1487,17,2,74698,1,4,4,144
1488,40,2,34170,2,4,4,244
1489,82,5,199412,3,3,3,333
1490,68,4,151702,3,4,4,344
1491,160,3,109798,4,4,4,444
1492,5,8,267079,1,1,2,112
1493,20,10,370990,2,1,1,211
1494,18,10,386015,2,1,1,211
1495,3,2,74407,1,4,4,144
1496,53,5,183860,3,3,3,333
1497,182,6,241152,4,3,2,432
1498,40,4,160717,2,4,3,243
1499,125,5,189859,4,3,3,433
1500,5,5,186427,1,3,3,133
1501,53,5,193240,3,3,3,333
1502,26,9,342006,2,1,1,211
1503,34,10,294991,2,1,1,211
1504,5,5,185324,1,3,3,133
1505,18,5,196093,2,3,3,233
1506,0,10,389436,1,1,1,111
1507,16,4,152797,1,4,4,144
1508,61,5,197257,3,3,3,333
1509,44,3,114592,2,4,4,244
1510,56,2,71831,3,4,4,344
1511,16,8,306182,1,1,1,111
1512,56,4,161123,3,4,3,343
1513,120,6,218936,4,3,2,432
1514,67,7,256429,3,2,2,322
1515,8,7,277915,1,2,1,121
1516,37,5,184657,2,3,3,233
1517,28,11,417615,2,1,1,211
1518,31,5,190569,2,3,3,233
1519,8,11,412988,1,1,1,111
1520,167,4,155131,4,4,3,443
1521,95,2,77856,4,4,4,444
1522,9,6,237466,1,3,2,132
1523,41,3,109031,2,4,4,244
1524,37,8,309522,2,1,1,211
1525,24,3,116383,2,4,4,244
1526,80,6,218956,3,3,2,332
1527,41,8,304763,2,1,1,211
1528,75,7,258939,3,2,2,322
1529,104,1,35455,4,4,4,444
1530,1,10,387429,1,1,1,111
1531,42,7,251091,2,2,2,222
1532,3,6,227282,1,3,2,132
1533,104,8,292975,4,1,1,411
1534,46,7,270663,3,2,1,321
1535,104,5,205442,4,3,3,433
1536,33,4,153163,2,4,3,243
1537,26,9,345963,2,1,1,211
1538,1,4,150204,1,4,4,144
1539,65,8,308329,3,1,1,311
1540,5,6,228320,1,3,2,132
1541,70,5,195519,3,3,3,333
1542,133,5,171208,4,3,3,433
1543,74,3,117071,3,4,4,344
1544,329,1,35560,4,4,4,444
1545,2,7,270016,1,2,2,122
1546,69,7,227066,3,2,2,322
1547,27,9,366194,2,1,1,211
1548,37,3,116792,2,4,4,244
1549,3,7,260688,1,2,2,122
1550,42,6,234470,2,3,2,232
1551,22,7,254991,2,2,2,222
1552,99,5,194777,4,3,3,433
1553,84,4,159045,3,4,3,343
1554,20,7,269728,2,2,2,222
1555,133,7,274099,4,2,1,421
1556,84,5,186896,3,3,3,333
1557,75,7,266428,3,2,2,322
1558,8,9,345893,1,1,1,111
1559,56,8,310541,3,1,1,311
1560,202,3,102886,4,4,4,444
1561,43,8,317719,2,1,1,211
1562,100,3,119348,4,4,4,444
1563,129,4,152602,4,4,4,444
1564,13,3,115186,1,4,4,144
1565,9,2,76008,1,4,4,144
1566,86,4,153256,4,4,3,443
1567,24,7,270276,2,2,1,221
1568,139,5,154314,4,3,3,433
1569,53,1,41701,3,4,4,344
1570,33,9,347359,2,1,1,211
1571,3,4,142547,1,4,4,144
1572,82,6,241085,3,3,2,332
1573,64,4,159234,3,4,3,343
1574,73,10,382007,3,1,1,311
1575,86,4,152222,4,4,4,444
1576,37,8,258784,2,1,2,212
1577,12,7,267974,1,2,2,122
1578,16,7,274665,1,2,1,121
1579,40,10,362627,2,1,1,211
1580,55,8,309225,3,1,1,311
1581,36,8,301558,2,1,1,211
1582,55,5,177925,3,3,3,333
1583,112,4,156546,4,4,3,443
1584,2,2,78267,1,4,4,144
1585,37,8,300830,2,1,1,211
1586,16,6,225155,1,3,2,132
1587,77,5,198256,3,3,3,333
1588,32,7,268048,2,2,2,222
1589,11,6,229406,1,3,2,132
1590,86,3,113915,4,4,4,444
1591,29,12,431552,2,1,1,211
1592,100,4,165470,4,4,3,443
1593,53,6,245795,3,3,2,332
1594,0,6,237277,1,3,2,132
1595,77,7,265400,3,2,2,322
1596,135,5,151877,4,3,4,434
1597,25,12,473593,2,1,1,211
1598,170,5,186278,4,3,3,433
1599,19,11,418076,2,1,1,211
1600,13,9,346294,1,1,1,111
1601,19,4,157798,2,4,3,243
1602,7,5,200132,1,3,3,133
1603,23,4,148679,2,4,4,244
1604,99,3,114582,4,4,4,444
1605,181,3,119909,4,4,4,444
1606,42,5,155719,2,3,3,233
1607,1,5,195629,1,3,3,133
1608,12,3,115615,1,4,4,144
1609,61,5,191045,3,3,3,333
1610,8,5,198975,1,3,3,133
1611,41,12,448323,2,1,1,211
1612,67,2,81503,3,4,4,344
1613,41,8,308060,2,1,1,211
1614,50,7,233002,3,2,2,322
1615,55,6,238401,3,3,2,332
1616,23,7,264187,2,2,2,222
1617,5,5,192973,1,3,3,133
1618,28,2,74432,2,4,4,244
1619,84,10,389643,3,1,1,311
1620,216,2,74338,4,4,4,444
1621,82,5,194520,3,3,3,333
1622,47,3,111112,3,4,4,344
1623,2,6,226435,1,3,2,132
1624,3,6,208702,1,3,3,133
1625,9,8,310876,1,1,1,111
1626,255,2,75761,4,4,4,444
1627,24,8,295532,2,1,1,211
1628,133,2,78546,4,4,4,444
1629,1,7,272475,1,2,1,121
1630,23,3,120227,2,4,4,244
1631,131,5,184861,4,3,3,433
1632,281,2,77856,4,4,4,444
1633,17,3,111732,1,4,4,144
1634,29,4,153312,2,4,3,243
1635,139,4,159326,4,4,3,443
1636,40,5,197974,2,3,3,233
1637,143,8,317101,4,1,1,411
1638,11,4,158281,1,4,3,143
1639,30,6,221682,2,3,2,232
1640,62,7,262694,3,2,2,322
1641,63,9,345515,3,1,1,311
1642,84,5,184622,3,3,3,333
1643,38,8,307546,2,1,1,211
1644,22,7,262657,2,2,2,222
1645,90,7,265809,4,2,2,422
1646,26,7,269198,2,2,2,222
1647,178,7,282308,4,2,1,421
1648,13,4,162227,1,4,3,143
1649,71,3,114887,3,4,4,344
1650,10,5,185435,1,3,3,133
1651,97,5,196804,4,3,3,433
1652,96,6,236663,4,3,2,432
1653,33,5,200185,2,3,3,233
1654,84,4,154801,3,4,3,343
1655,16,3,117306,1,4,4,144
1656,84,7,260210,3,2,2,322
1657,61,6,237897,3,3,2,332
1658,280,4,147038,4,4,4,444
1659,80,7,270208,3,2,2,322
1660,76,6,224124,3,3,2,332
1661,218,6,228340,4,3,2,432
1662,62,5,189174,3,3,3,333
1663,13,6,228192,1,3,2,132
1664,42,7,272276,2,2,1,221
1665,68,8,262483,3,1,2,312
1666,78,4,160027,3,4,3,343
1667,76,7,275861,3,2,1,321
1668,4,6,213566,1,3,2,132
1669,59,6,228151,3,3,2,332
1670,60,9,338670,3,1,1,311
1671,43,4,150846,2,4,4,244
1672,42,13,468238,2,1,1,211
1673,133,3,114517,4,4,4,444
1674,48,5,194632,3,3,3,333
1675,101,4,149756,4,4,4,444
1676,87,5,189013,4,3,3,433
1677,98,8,311167,4,1,1,411
1678,68,9,341884,3,1,1,311
1679,136,4,151125,4,4,4,444
1680,112,3,114003,4,4,4,444
1681,18,5,198469,2,3,3,233
1682,82,6,242247,3,3,2,332
1683,82,9,337881,3,1,1,311
1684,16,6,225615,1,3,2,132
1685,25,2,77945,2,4,4,244
1686,78,10,391585,3,1,1,311
1687,10,4,151865,1,4,4,144
1688,23,8,299891,2,1,1,211
1689,136,5,197541,4,3,3,433
1690,16,9,356710,1,1,1,111
1691,2,8,291589,1,1,1,111
1692,127,5,184486,4,3,3,433
1693,75,7,265652,3,2,2,322
1694,19,7,268718,2,2,2,222
1695,37,5,201834,2,3,3,233
1696,28,9,354036,2,1,1,211
1697,24,5,192901,2,3,3,233
1698,32,8,311875,2,1,1,211
1699,81,8,308454,3,1,1,311
1700,44,7,268771,2,2,2,222
1701,5,5,190540,1,3,3,133
1702,14,7,231100,1,2,2,122
1703,3,4,154856,1,4,3,143
1704,119,2,69816,4,4,4,444
1705,15,4,161139,1,4,3,143
1706,2,8,297527,1,1,1,111
1707,17,9,310044,1,1,1,111
1708,258,4,147082,4,4,4,444
1709,4,5,183501,1,3,3,133
1710,80,4,152352,3,4,4,344
1711,41,7,267150,2,2,2,222
1712,286,2,79100,4,4,4,444
1713,6,7,266662,1,2,2,122
1714,38,6,237050,2,3,2,232
1715,102,3,113734,4,4,4,444
1716,134,2,76088,4,4,4,444
1717,46,4,147209,3,4,4,344
1718,24,5,194103,2,3,3,233
1719,19,5,203958,2,3,3,233
1720,23,5,186792,2,3,3,233
1721,0,7,277577,1,2,1,121
1722,4,9,349913,1,1,1,111
1723,17,5,189290,1,3,3,133
1724,103,4,144295,4,4,4,444
1725,60,8,313421,3,1,1,311
1726,9,8,309807,1,1,1,111
1727,71,7,272243,3,2,1,321
1728,45,7,238534,3,2,2,322
1729,58,7,223581,3,2,2,322
1730,20,3,116229,2,4,4,244
1731,43,11,422714,2,1,1,211
1732,97,5,194017,4,3,3,433
1733,53,5,198230,3,3,3,333
1734,25,2,76060,2,4,4,244
1735,65,5,201122,3,3,3,333
1736,54,6,238240,3,3,2,332
1737,45,3,107712,3,4,4,344
1738,21,5,149840,2,3,4,234
1739,37,4,146966,2,4,4,244
1740,6,8,297526,1,1,1,111
1741,64,4,123457,3,4,4,344
1742,59,6,231432,3,3,2,332
1743,86,7,268499,4,2,2,422
1744,109,3,116288,4,4,4,444
1745,5,12,461971,1,1,1,111
1746,105,6,245680,4,3,2,432
1747,190,4,160326,4,4,3,443
1748,2,10,375631,1,1,1,111
1749,81,3,118933,3,4,4,344
1750,55,6,219081,3,3,2,332
1751,12,4,147689,1,4,4,144
1752,28,7,270158,2,2,2,222
1753,27,4,156915,2,4,3,243
1754,142,5,192251,4,3,3,433
1755,48,6,233083,3,3,2,332
1756,62,3,111697,3,4,4,344
1757,229,1,36668,4,4,4,444
1758,2,7,265194,1,2,2,122
1759,18,6,230289,2,3,2,232
1760,12,7,233977,1,2,2,122
1761,18,5,177725,2,3,3,233
1762,21,12,463507,2,1,1,211
1763,9,7,272898,1,2,1,121
1764,2,4,156726,1,4,3,143
1765,46,6,227818,3,3,2,332
1766,178,5,193808,4,3,3,433
1767,4,5,184889,1,3,3,133
1768,92,2,71198,4,4,4,444
1769,36,6,226830,2,3,2,232
1770,13,7,254484,1,2,2,122
1771,39,6,229478,2,3,2,232
1772,168,4,159492,4,4,3,443
1773,8,11,370359,1,1,1,111
1774,97,4,153680,4,4,3,443
1775,52,6,226792,3,3,2,332
1776,34,7,258831,2,2,2,222
1777,70,7,231728,3,2,2,322
1778,312,2,83359,4,4,4,444
1779,129,6,238893,4,3,2,432
1780,38,4,146965,2,4,4,244
1781,9,4,135154,1,4,4,144
1782,81,6,228944,3,3,2,332
1783,49,12,480403,3,1,1,311
1784,71,4,154899,3,4,3,343
1785,34,6,230368,2,3,2,232
1786,174,2,73279,4,4,4,444
1787,0,6,220004,1,3,2,132
1788,29,9,342353,2,1,1,211
1789,60,3,110549,3,4,4,344
1790,32,5,202077,2,3,3,233
1791,117,6,226357,4,3,2,432
1792,6,10,386940,1,1,1,111
1793,60,6,225345,3,3,2,332
1794,1,5,177981,1,3,3,133
1795,3,6,224180,1,3,2,132
1796,122,2,72561,4,4,4,444
1797,54,11,422392,3,1,1,311
1798,13,7,273469,1,2,1,121
1799,52,4,141620,3,4,4,344
1800,171,4,148246,4,4,4,444
1801,65,8,308515,3,1,1,311
1802,13,8,303242,1,1,1,111
1803,115,7,261495,4,2,2,422
1804,31,3,123915,2,4,4,244
1805,90,4,143342,4,4,4,444
1806,37,8,308069,2,1,1,211
1807,60,6,232267,3,3,2,332
1808,76,7,275886,3,2,1,321
1809,27,6,223150,2,3,2,232
1810,6,2,74369,1,4,4,144
1811,32,8,314279,2,1,1,211
1812,22,10,386572,2,1,1,211
1813,18,6,238659,2,3,2,232
1814,51,6,224994,3,3,2,332
1815,11,5,187877,1,3,3,133
1816,80,5,192209,3,3,3,333
1817,31,11,415430,2,1,1,211
1818,24,7,274339,2,2,1,221
1819,252,2,72598,4,4,4,444
1820,35,9,342656,2,1,1,211
1821,24,12,476876,2,1,1,211
1822,2,5,193901,1,3,3,133
1823,161,6,227696,4,3,2,432
1824,12,7,270361,1,2,1,121
1825,40,6,245535,2,3,2,232
1826,40,7,266600,2,2,2,222
1827,38,5,201669,2,3,3,233
1828,150,3,117648,4,4,4,444
1829,3,3,114846,1,4,4,144
1830,13,8,258595,1,1,2,112
1831,165,8,307078,4,1,1,411
1832,84,8,308911,3,1,1,311
1833,10,5,208275,1,3,3,133
1834,126,4,147111,4,4,4,444
1835,25,6,220913,2,3,2,232
1836,166,2,68015,4,4,4,444
1837,35,7,280446,2,2,1,221
1838,49,5,196395,3,3,3,333
1839,49,7,259759,3,2,2,322
1840,98,7,248694,4,2,2,422
1841,36,4,124770,2,4,4,244
1842,211,5,193728,4,3,3,433
1843,112,4,163731,4,4,3,443
1844,41,7,248940,2,2,2,222
1845,21,7,259490,2,2,2,222
1846,333,1,34071,4,4,4,444
1847,32,3,114447,2,4,4,244
1848,42,6,235650,2,3,2,232
1849,136,6,239056,4,3,2,432
1850,44,7,248328,2,2,2,222
1851,285,2,76119,4,4,4,444
1852,97,5,181698,4,3,3,433
1853,26,9,334022,2,1,1,211
1854,0,3,110559,1,4,4,144
1855,22,4,145319,2,4,4,244
1856,127,2,76361,4,4,4,444
1857,87,5,188697,4,3,3,433
1858,21,8,311235,2,1,1,211
1859,76,5,193038,3,3,3,333
1860,11,6,231710,1,3,2,132
1861,29,6,228022,2,3,2,232
1862,74,7,273022,3,2,1,321
1863,24,6,225931,2,3,2,232
1864,24,11,431171,2,1,1,211
1865,99,1,35160,4,4,4,444
1866,38,9,346193,2,1,1,211
1867,2,8,296203,1,1,1,111
1868,26,6,228599,2,3,2,232
1869,41,4,150079,2,4,4,244
1870,38,7,263749,2,2,2,222
1871,94,4,152302,4,4,4,444
1872,3,6,221520,1,3,2,132
1873,8,4,146689,1,4,4,144
1874,99,5,189348,4,3,3,433
1875,98,6,222424,4,3,2,432
1876,138,5,205412,4,3,3,433
1877,80,6,244803,3,3,2,332
1878,32,6,218510,2,3,2,232
1879,47,7,267479,3,2,2,322
1880,67,5,206779,3,3,3,333
1881,35,7,267165,2,2,2,222
1882,128,6,231190,4,3,2,432
1883,42,3,116678,2,4,4,244
1884,24,7,277323,2,2,1,221
1885,4,9,349057,1,1,1,111
1886,6,4,157852,1,4,3,143
1887,43,11,404802,2,1,1,211
1888,87,4,148014,4,4,4,444
1889,135,5,186250,4,3,3,433
1890,44,9,352947,2,1,1,211
1891,81,7,273627,3,2,1,321
1892,107,6,190345,4,3,3,433
1893,2,7,262633,1,2,2,122
1894,36,4,162669,2,4,3,243
1895,7,6,193490,1,3,3,133
1896,159,3,114343,4,4,4,444
1897,62,7,260931,3,2,2,322
1898,55,7,234650,3,2,2,322
1899,76,5,183143,3,3,3,333
1900,67,4,151293,3,4,4,344
1901,127,7,264994,4,2,2,422
1902,21,6,177272,2,3,3,233
1903,16,4,151965,1,4,4,144
1904,67,3,117098,3,4,4,344
1905,10,9,343349,1,1,1,111
1906,1,6,219467,1,3,2,132
1907,110,4,155761,4,4,3,443
1908,107,6,235763,4,3,2,432
1909,59,6,229390,3,3,2,332
1910,17,3,117917,1,4,4,144
1911,61,2,76446,3,4,4,344
1912,38,9,339703,2,1,1,211
1913,42,13,487716,2,1,1,211
1914,12,8,303242,1,1,1,111
1915,61,5,197073,3,3,3,333
1916,53,7,270848,3,2,1,321
1917,28,7,273375,2,2,1,221
1918,1,5,190628,1,3,3,133
1919,44,4,148568,2,4,4,244
1920,66,2,42710,3,4,4,344
1921,40,1,33429,2,4,4,244
1922,93,3,110688,4,4,4,444
1923,15,4,144638,1,4,4,144
1924,25,3,116819,2,4,4,244
1925,5,7,254931,1,2,2,122
1926,5,5,184582,1,3,3,133
1927,90,5,193781,4,3,3,433
1928,34,2,81869,2,4,4,244
1929,45,6,233361,3,3,2,332
1930,21,5,197250,2,3,3,233
1931,23,3,111017,2,4,4,244
1932,89,8,303820,4,1,1,411
1933,41,9,346687,2,1,1,211
1934,3,6,224194,1,3,2,132
1935,57,6,223246,3,3,2,332
1936,77,8,293279,3,1,1,311
1937,34,7,262350,2,2,2,222
1938,229,4,159302,4,4,3,443
1939,76,2,81288,3,4,4,344
1940,76,4,154539,3,4,3,343
1941,5,4,150944,1,4,4,144
1942,16,8,315271,1,1,1,111
1943,299,3,121118,4,4,4,444
1944,5,6,192312,1,3,3,133
1945,115,3,101740,4,4,4,444
1946,88,13,503792,4,1,1,411
1947,35,9,368888,2,1,1,211
1948,168,5,202178,4,3,3,433
1949,29,7,272175,2,2,1,221
1950,6,9,354343,1,1,1,111
1951,118,8,313607,4,1,1,411
1952,76,10,369811,3,1,1,311
1953,10,7,261834,1,2,2,122
1954,100,9,342622,4,1,1,411
1955,78,3,116118,3,4,4,344
1956,33,4,149723,2,4,4,244
1957,19,11,384642,2,1,1,211
1958,69,4,158677,3,4,3,343
1959,141,8,308785,4,1,1,411
1960,69,4,150998,3,4,4,344
1961,25,3,118269,2,4,4,244
1962,93,2,76117,4,4,4,444
1963,9,2,68255,1,4,4,144
1964,102,6,232236,4,3,2,432
1965,6,5,193601,1,3,3,133
1966,161,6,235154,4,3,2,432
1967,22,6,224495,2,3,2,232
1968,159,5,193315,4,3,3,433
1969,17,6,236232,1,3,2,132
1970,0,8,293368,1,1,1,111
1971,62,7,272208,3,2,1,321
1972,0,5,156597,1,3,3,133
1973,47,4,161489,3,4,3,343
1974,32,5,182945,2,3,3,233
1975,108,2,82659,4,4,4,444
1976,135,6,225751,4,3,2,432
1977,60,4,161359,3,4,3,343
1978,13,3,120497,1,4,4,144
1979,33,5,189958,2,3,3,233
1980,73,8,311859,3,1,1,311
1981,89,3,121213,4,4,4,444
1982,50,8,313103,3,1,1,311
1983,2,4,155285,1,4,3,143
1984,48,7,271533,3,2,1,321
1985,0,7,274877,1,2,1,121
1986,44,6,229408,2,3,2,232
1987,42,4,145390,2,4,4,244
1988,134,8,310192,4,1,1,411
1989,22,4,159868,2,4,3,243
1990,9,9,346596,1,1,1,111
1991,1,10,392718,1,1,1,111
1992,140,10,383399,4,1,1,411
1993,6,9,355056,1,1,1,111
1994,2,6,221170,1,3,2,132
1995,125,6,233195,4,3,2,432
1996,13,7,260608,1,2,2,122
1997,54,5,195602,3,3,3,333
1998,156,4,142614,4,4,4,444
1999,3,7,257985,1,2,2,122
2000,44,3,118655,2,4,4,244
2001,86,8,304971,4,1,1,411
2002,97,3,110644,4,4,4,444
2003,219,2,76617,4,4,4,444
2004,46,5,192452,3,3,3,333
2005,5,6,227111,1,3,2,132
2006,147,5,198906,4,3,3,433
2007,23,4,161255,2,4,3,243
2008,29,7,277417,2,2,1,221
2009,5,7,261125,1,2,2,122
2010,34,5,184560,2,3,3,233
2011,315,3,127182,4,4,4,444
2012,13,5,190361,1,3,3,133
2013,15,10,368456,1,1,1,111
2014,54,7,268357,3,2,2,322
2015,50,7,226074,3,2,2,322
2016,68,6,231025,3,3,2,332
2017,12,6,219014,1,3,2,132
2018,35,7,273518,2,2,1,221
2019,52,9,334367,3,1,1,311
2020,43,7,260911,2,2,2,222
2021,125,2,67664,4,4,4,444
2022,13,5,180736,1,3,3,133
2023,13,10,398242,1,1,1,111
2024,29,6,236011,2,3,2,232
2025,138,4,154811,4,4,3,443
2026,146,4,150837,4,4,4,444
2027,14,7,267616,1,2,2,122
2028,40,7,263468,2,2,2,222
2029,1,9,335724,1,1,1,111
2030,239,4,165186,4,4,3,443
2031,19,4,159566,2,4,3,243
2032,5,2,78672,1,4,4,144
2033,11,7,277470,1,2,1,121
2034,52,8,233896,3,1,2,312
2035,127,4,155484,4,4,3,443
2036,25,12,487228,2,1,1,211
2037,98,4,147719,4,4,4,444
2038,13,4,158387,1,4,3,143
2039,199,5,204337,4,3,3,433
2040,96,2,76448,4,4,4,444
2041,80,6,228686,3,3,2,332
2042,11,3,109714,1,4,4,144
2043,139,5,192071,4,3,3,433
2044,5,5,177420,1,3,3,133
2045,55,9,348606,3,1,1,311
2046,33,9,345385,2,1,1,211
2047,67,2,73343,3,4,4,344
2048,57,7,267248,3,2,2,322
2049,65,6,214469,3,3,2,332
2050,6,4,155502,1,4,3,143
2051,51,6,228992,3,3,2,332
2052,58,9,334789,3,1,1,311
2053,5,6,237326,1,3,2,132
2054,1,4,155872,1,4,3,143
2055,0,9,336349,1,1,1,111
2056,54,2,67243,3,4,4,344
2057,16,6,239038,1,3,2,132
2058,120,7,278130,4,2,1,421
2059,170,4,148089,4,4,4,444
2060,5,11,412360,1,1,1,111
2061,132,6,232886,4,3,2,432
2062,42,5,195602,2,3,3,233
2063,9,5,188738,1,3,3,133
2064,106,5,199909,4,3,3,433
2065,215,4,157663,4,4,3,443
2066,90,5,176412,4,3,3,433
2067,30,8,302881,2,1,1,211
2068,159,5,176944,4,3,3,433
2069,51,6,235928,3,3,2,332
2070,4,9,351169,1,1,1,111
2071,20,7,257875,2,2,2,222
2072,8,13,505617,1,1,1,111
2073,18,8,309591,2,1,1,211
2075,4,4,143321,1,4,4,144
2076,19,8,310399,2,1,1,211
2077,227,3,112644,4,4,4,444
2078,65,6,230529,3,3,2,332
2079,3,3,122110,1,4,4,144
2080,162,6,233773,4,3,2,432
2081,11,5,176794,1,3,3,133
2082,1,7,270317,1,2,1,121
2083,15,9,352598,1,1,1,111
2084,49,3,114471,3,4,4,344
2085,27,3,117929,2,4,4,244
2086,98,3,116923,4,4,4,444
2087,55,5,190355,3,3,3,333
2088,9,7,247823,1,2,2,122
2089,147,2,69725,4,4,4,444
2090,163,2,67428,4,4,4,444
2091,211,3,118472,4,4,4,444
2092,16,5,196701,1,3,3,133
2093,60,6,227498,3,3,2,332
2094,34,5,180622,2,3,3,233
2095,20,10,371405,2,1,1,211
2096,132,5,185417,4,3,3,433
2097,38,6,230474,2,3,2,232
2098,8,6,231195,1,3,2,132
2099,63,7,272411,3,2,1,321
2100,18,5,192073,2,3,3,233
2101,20,10,364072,2,1,1,211
2102,17,7,271430,1,2,1,121
2103,14,10,378312,1,1,1,111
2104,80,8,313902,3,1,1,311
2105,23,5,191049,2,3,3,233
2106,3,4,158286,1,4,3,143
2107,64,2,78927,3,4,4,344
2108,12,3,109492,1,4,4,144
2109,2,8,302670,1,1,1,111
2110,26,7,262001,2,2,2,222
2111,6,9,339156,1,1,1,111
2112,2,4,141145,1,4,4,144
2113,33,4,144101,2,4,4,244
2114,14,6,234147,1,3,2,132
2115,47,2,80055,3,4,4,344
2116,105,4,152139,4,4,4,444
2117,24,5,191517,2,3,3,233
2118,135,6,228030,4,3,2,432
2119,67,4,146301,3,4,4,344
2120,2,8,308631,1,1,1,111
2121,89,10,347502,4,1,1,411
2122,8,4,115681,1,4,4,144
2123,195,6,225668,4,3,2,432
2124,57,6,227730,3,3,2,332
2125,13,6,231564,1,3,2,132
2126,25,4,154333,2,4,3,243
2127,32,5,190909,2,3,3,233
2128,13,2,76639,1,4,4,144
2129,149,2,72375,4,4,4,444
2130,1,8,305924,1,1,1,111
2131,101,6,236946,4,3,2,432
2132,18,8,303558,2,1,1,211
2133,120,5,188731,4,3,3,433
2134,81,5,193414,3,3,3,333
2135,137,2,41047,4,4,4,444
2136,10,4,154125,1,4,3,143
2137,20,4,154932,2,4,3,243
2138,29,8,320031,2,1,1,211
2139,60,5,203670,3,3,3,333
2140,98,8,296622,4,1,1,411
2141,76,4,143311,3,4,4,344
2142,81,7,268606,3,2,2,322
2143,27,5,201736,2,3,3,233
2144,67,8,308370,3,1,1,311
2145,194,1,37698,4,4,4,444
2146,50,2,71720,3,4,4,344
2147,125,3,114266,4,4,4,444
2148,137,4,140435,4,4,4,444
2149,11,9,341293,1,1,1,111
2150,94,6,241286,4,3,2,432
2151,146,7,277879,4,2,1,421
2152,1,9,346948,1,1,1,111
2153,76,8,265086,3,1,2,312
2154,38,6,235347,2,3,2,232
2155,19,12,454806,2,1,1,211
2156,113,6,230207,4,3,2,432
2157,161,2,76232,4,4,4,444
2158,50,5,185156,3,3,3,333
2159,18,5,189429,2,3,3,233
2160,47,6,224449,3,3,2,332
2161,52,5,182407,3,3,3,333
2162,53,4,149687,3,4,4,344
2163,70,5,147588,3,3,4,334
2164,68,7,269769,3,2,2,322
2165,0,10,372036,1,1,1,111
2166,58,6,236137,3,3,2,332
2167,144,6,229234,4,3,2,432
2168,2,3,107407,1,4,4,144
2169,117,6,233320,4,3,2,432
2170,28,6,234938,2,3,2,232
2171,34,6,232516,2,3,2,232
2172,29,4,161687,2,4,3,243
2173,157,4,155058,4,4,3,443
2174,81,6,230630,3,3,2,332
2175,58,4,143515,3,4,4,344
2176,28,3,118663,2,4,4,244
2177,98,5,190107,4,3,3,433
2178,77,4,147594,3,4,4,344
2179,36,7,268936,2,2,2,222
2180,80,5,192101,3,3,3,333
2181,51,8,300308,3,1,1,311
2182,17,8,309003,1,1,1,111
2183,8,14,519283,1,1,1,111
2184,37,11,413575,2,1,1,211
2185,136,7,265769,4,2,2,422
2186,154,3,112543,4,4,4,444
2187,63,7,275867,3,2,1,321
2188,70,6,235284,3,3,2,332
2189,40,10,380042,2,1,1,211
2190,41,8,307553,2,1,1,211
2191,12,5,179633,1,3,3,133
2192,42,6,192965,2,3,3,233
2193,54,4,153712,3,4,3,343
2194,42,8,303328,2,1,1,211
2195,2,6,215014,1,3,2,132
2196,71,5,197171,3,3,3,333
2197,119,3,108085,4,4,4,444
2198,25,4,149643,2,4,4,244
2199,24,4,159436,2,4,3,243
2200,79,3,109444,3,4,4,344
2201,30,8,263794,2,1,2,212
2202,58,10,389164,3,1,1,311
2203,49,5,189008,3,3,3,333
2204,17,8,305510,1,1,1,111
2205,100,4,110667,4,4,4,444
2206,58,4,152473,3,4,4,344
2207,74,6,222993,3,3,2,332
2208,114,6,229509,4,3,2,432
2209,265,1,33429,4,4,4,444
2210,27,9,347254,2,1,1,211
2211,111,3,108108,4,4,4,444
2212,41,6,228409,2,3,2,232
2213,15,5,195757,1,3,3,133
2214,27,5,185446,2,3,3,233
2215,19,2,74670,2,4,4,244
2216,74,3,110041,3,4,4,344
2217,22,8,266257,2,1,2,212
2218,21,3,117415,2,4,4,244
2219,61,5,186344,3,3,3,333
2220,85,4,156103,3,4,3,343
2221,94,8,305656,4,1,1,411
2222,59,6,225503,3,3,2,332
2223,54,7,266876,3,2,2,322
2224,287,3,118954,4,4,4,444
2225,208,3,116695,4,4,4,444
2226,49,8,302527,3,1,1,311
2227,40,5,196673,2,3,3,233
2228,168,4,150280,4,4,4,444
2229,21,4,156903,2,4,3,243
2230,44,8,312831,2,1,1,211
2231,64,3,116496,3,4,4,344
2232,59,6,230926,3,3,2,332
2233,63,7,273465,3,2,1,321
2234,57,7,231700,3,2,2,322
2235,80,6,236278,3,3,2,332
2236,1,3,111064,1,4,4,144
2237,38,7,272014,2,2,1,221
2238,141,3,116687,4,4,4,444
2239,32,2,76087,2,4,4,244
2240,31,12,448822,2,1,1,211
2241,17,4,157567,1,4,3,143
2242,170,3,114757,4,4,4,444
2243,183,3,120204,4,4,4,444
2244,63,5,193911,3,3,3,333
2245,74,7,256636,3,2,2,322
2246,99,4,148942,4,4,4,444
2247,29,7,272302,2,2,1,221
2248,51,8,302019,3,1,1,311
2249,112,5,196386,4,3,3,433
2250,124,3,113966,4,4,4,444
2251,15,7,255504,1,2,2,122
2252,130,5,185571,4,3,3,433
2253,84,6,237148,3,3,2,332
2254,3,6,198899,1,3,3,133
2255,143,3,81202,4,4,4,444
2256,169,3,120672,4,4,4,444
2257,64,5,191889,3,3,3,333
2258,52,7,266038,3,2,2,322
2259,161,4,155910,4,4,3,443
2260,17,6,220984,1,3,2,132
2261,35,4,154929,2,4,3,243
2262,75,4,153249,3,4,3,343
2263,35,5,204702,2,3,3,233
2264,153,6,222264,4,3,2,432
2265,95,3,110123,4,4,4,444
2266,29,10,372034,2,1,1,211
2267,99,5,179199,4,3,3,433
2268,35,8,296831,2,1,1,211
2269,47,7,272071,3,2,1,321
2270,129,5,208002,4,3,3,433
2271,177,1,36833,4,4,4,444
2272,104,6,237210,4,3,2,432
2273,26,10,387387,2,1,1,211
2274,55,2,79818,3,4,4,344
2275,121,6,238078,4,3,2,432
2276,10,4,155418,1,4,3,143
2277,36,4,160725,2,4,3,243
2278,34,5,148852,2,3,4,234
2279,35,8,301319,2,1,1,211
2280,24,5,186880,2,3,3,233
2281,38,7,265017,2,2,2,222
2282,14,6,233621,1,3,2,132
2283,30,7,274197,2,2,1,221
2284,34,7,276031,2,2,1,221
2285,39,7,271396,2,2,1,221
2286,49,5,191901,3,3,3,333
2287,159,2,72218,4,4,4,444
2288,29,6,228110,2,3,2,232
2289,59,5,188972,3,3,3,333
2290,72,6,232650,3,3,2,332
2291,107,1,41922,4,4,4,444
2292,45,7,271826,3,2,1,321
2293,85,5,194896,3,3,3,333
2294,73,7,274203,3,2,1,321
2295,17,4,149754,1,4,4,144
2296,36,4,151236,2,4,4,244
2297,37,5,182296,2,3,3,233
2298,45,6,236222,3,3,2,332
2299,59,6,229852,3,3,2,332
2300,17,4,142601,1,4,4,144
2301,5,7,266714,1,2,2,122
2302,53,3,120321,3,4,4,344
2303,144,2,76628,4,4,4,444
2304,3,7,254277,1,2,2,122
2305,78,5,188974,3,3,3,333
2306,6,4,159820,1,4,3,143
2307,81,11,407715,3,1,1,311
2308,13,9,349079,1,1,1,111
2309,53,12,475203,3,1,1,311
2310,15,7,226177,1,2,2,122
2311,66,5,186909,3,3,3,333
2312,28,5,186122,2,3,3,233
2313,44,6,239154,2,3,2,232
2314,48,3,117146,3,4,4,344
2315,152,5,184707,4,3,3,433
2316,46,4,157821,3,4,3,343
2317,53,5,186572,3,3,3,333
2318,16,7,274971,1,2,1,121
2319,9,4,159462,1,4,3,143
2320,24,3,107280,2,4,4,244
2321,161,3,119545,4,4,4,444
2322,67,4,152770,3,4,4,344
2323,212,3,111281,4,4,4,444
2324,78,5,153184,3,3,3,333
2325,12,6,223109,1,3,2,132
2326,112,1,37698,4,4,4,444
2327,224,3,115658,4,4,4,444
2328,151,1,38991,4,4,4,444
2329,8,5,199935,1,3,3,133
2330,4,3,112025,1,4,4,144
2331,19,7,276156,2,2,1,221
2332,31,4,148188,2,4,4,244
2333,92,4,154664,4,4,3,443
2334,69,3,116613,3,4,4,344
2335,11,7,248307,1,2,2,122
2336,74,9,342250,3,1,1,311
2337,172,3,108224,4,4,4,444
2338,23,7,265191,2,2,2,222
2339,11,9,332041,1,1,1,111
2340,5,9,338193,1,1,1,111
2341,13,8,280090,1,1,1,111
2342,65,4,116383,3,4,4,344
2343,62,3,112757,3,4,4,344
2344,47,6,228622,3,3,2,332
2345,0,5,178863,1,3,3,133
2346,162,5,175033,4,3,3,433
2347,87,9,360858,4,1,1,411
2348,60,4,145363,3,4,4,344
2349,54,5,203283,3,3,3,333
2350,180,6,222365,4,3,2,432
2351,55,8,318734,3,1,1,311
2352,36,1,42172,2,4,4,244
2353,81,10,401806,3,1,1,311
2354,36,5,185080,2,3,3,233
2355,70,5,184098,3,3,3,333
2356,146,4,151818,4,4,4,444
2357,40,4,151786,2,4,4,244
2358,3,11,427277,1,1,1,111
2359,82,8,313008,3,1,1,311
2360,27,6,235441,2,3,2,232
2361,22,7,273659,2,2,1,221
2362,45,3,112946,3,4,4,344
2363,58,6,218494,3,3,2,332
2364,43,5,191005,2,3,3,233
2365,1,5,182300,1,3,3,133
2366,19,5,186656,2,3,3,233
2367,25,7,265753,2,2,2,222
2368,74,6,234876,3,3,2,332
2369,1,8,303330,1,1,1,111
2370,20,3,116526,2,4,4,244
2371,93,5,195982,4,3,3,433
2372,0,9,349564,1,1,1,111
2373,45,4,148587,3,4,4,344
2374,14,7,261607,1,2,2,122
2375,43,7,270299,2,2,1,221
2376,11,4,152928,1,4,3,143
2377,7,5,196514,1,3,3,133
2378,10,5,183842,1,3,3,133
2379,3,11,433873,1,1,1,111
2380,42,7,263270,2,2,2,222
2381,29,7,274476,2,2,1,221
2382,38,7,258358,2,2,2,222
2383,21,9,347121,2,1,1,211
2384,59,6,228418,3,3,2,332
2385,31,8,301598,2,1,1,211
2386,12,7,257894,1,2,2,122
2387,182,2,75197,4,4,4,444
2388,113,7,255170,4,2,2,422
2389,8,3,119660,1,4,4,144
2390,69,7,268131,3,2,2,322
2391,12,10,382651,1,1,1,111
2392,26,5,193870,2,3,3,233
2393,122,2,84444,4,4,4,444
2394,90,1,38258,4,4,4,444
2395,62,1,39031,3,4,4,344
2396,0,5,180577,1,3,3,133
2397,53,9,331947,3,1,1,311
2398,113,3,112406,4,4,4,444
2399,38,6,225834,2,3,2,232
2400,19,8,307065,2,1,1,211
2401,21,8,316307,2,1,1,211
2402,78,3,108588,3,4,4,344
2403,150,5,191729,4,3,3,433
2404,2,6,204130,1,3,3,133
2405,45,6,191828,3,3,3,333
2406,80,4,151090,3,4,4,344
2407,68,6,185777,3,3,3,333
2408,24,3,124144,2,4,4,244
2409,49,7,261496,3,2,2,322
2410,36,7,227590,2,2,2,222
2411,223,4,152191,4,4,4,444
2412,17,6,237094,1,3,2,132
2413,58,7,263866,3,2,2,322
2414,4,4,154969,1,4,3,143
2415,43,5,188709,2,3,3,233
2416,222,2,75325,4,4,4,444
2417,22,1,38573,2,4,4,244
2418,2,7,263387,1,2,2,122
2419,51,8,306147,3,1,1,311
2420,139,3,102984,4,4,4,444
2421,0,6,226494,1,3,2,132
2422,32,5,189905,2,3,3,233
2423,59,1,38002,3,4,4,344
2424,67,7,240902,3,2,2,322
2425,8,9,337771,1,1,1,111
2426,16,5,185744,1,3,3,133
2427,3,6,222887,1,3,2,132
2428,10,9,343880,1,1,1,111
2429,222,3,115921,4,4,4,444
2430,115,4,147527,4,4,4,444
2431,218,2,69493,4,4,4,444
2432,32,7,233002,2,2,2,222
2433,26,10,375029,2,1,1,211
2434,0,9,340835,1,1,1,111
2435,123,5,195604,4,3,3,433
2436,16,4,149961,1,4,4,144
2437,198,2,82986,4,4,4,444
2438,27,7,261422,2,2,2,222
2439,18,6,232996,2,3,2,232
2440,53,4,147673,3,4,4,344
2441,28,2,70104,2,4,4,244
2442,80,6,237892,3,3,2,332
2443,12,6,218368,1,3,2,132
2444,44,4,160260,2,4,3,243
2445,17,5,202457,1,3,3,133
2446,71,7,264966,3,2,2,322
2447,39,7,268802,2,2,2,222
2448,6,6,234068,1,3,2,132
2449,76,6,220294,3,3,2,332
2450,40,2,75819,2,4,4,244
2451,17,3,122476,1,4,4,144
2452,9,4,155947,1,4,3,143
2453,56,6,225689,3,3,2,332
2454,29,11,362599,2,1,1,211
2455,75,8,285153,3,1,1,311
2456,167,6,178099,4,3,3,433
2457,52,6,242274,3,3,2,332
2458,4,7,272520,1,2,1,121
2459,53,11,419174,3,1,1,311
2460,50,4,148616,3,4,4,344
2461,31,6,220786,2,3,2,232
2462,24,6,218151,2,3,2,232
2463,64,8,305484,3,1,1,311
2464,2,13,496166,1,1,1,111
2465,11,10,348440,1,1,1,111
2466,19,5,179544,2,3,3,233
2467,21,5,194989,2,3,3,233
2468,21,10,354204,2,1,1,211
2469,20,7,262482,2,2,2,222
2470,12,4,155194,1,4,3,143
2471,13,5,197070,1,3,3,133
2472,85,6,220070,3,3,2,332
2473,113,5,190155,4,3,3,433
2474,31,8,274246,2,1,1,211
2475,85,7,263849,3,2,2,322
2476,14,14,553162,1,1,1,111
2477,40,1,35707,2,4,4,244
2478,114,7,272269,4,2,1,421
2479,2,7,238608,1,2,2,122
2480,42,5,190842,2,3,3,233
2481,20,7,277864,2,2,1,221
2482,232,3,117599,4,4,4,444
2483,69,5,194231,3,3,3,333
2484,24,6,218802,2,3,2,232
2485,4,6,217349,1,3,2,132
2486,229,2,77684,4,4,4,444
2487,98,4,145017,4,4,4,444
2488,18,6,230583,2,3,2,232
2489,40,8,315665,2,1,1,211
2490,38,5,174769,2,3,3,233
2491,105,6,232124,4,3,2,432
2492,7,10,389447,1,1,1,111
2493,54,3,110526,3,4,4,344
2494,95,7,252639,4,2,2,422
2495,31,8,305529,2,1,1,211
2496,196,5,192516,4,3,3,433
2497,46,4,150035,3,4,4,344
2498,7,8,303826,1,1,1,111
2499,175,3,115438,4,4,4,444
2500,23,3,123841,2,4,4,244
2501,18,7,256506,2,2,2,222
2502,14,5,188682,1,3,3,133
2503,108,4,156115,4,4,3,443
2504,93,5,180956,4,3,3,433
2505,12,9,342384,1,1,1,111
2506,106,4,155095,4,4,3,443
2507,47,4,166401,3,4,3,343
2508,56,10,380597,3,1,1,311
2509,25,8,325012,2,1,1,211
2510,111,6,238586,4,3,2,432
2511,32,4,153411,2,4,3,243
2512,111,6,218775,4,3,2,432
2513,106,7,267622,4,2,2,422
2514,46,3,114318,3,4,4,344
2515,24,3,118721,2,4,4,244
2516,83,3,110520,3,4,4,344
2517,145,4,153179,4,4,3,443
2518,70,5,186331,3,3,3,333
2519,108,4,169791,4,4,3,443
2520,11,5,179804,1,3,3,133
2521,208,3,108219,4,4,4,444
2522,24,8,299120,2,1,1,211
2523,6,10,388010,1,1,1,111
2524,184,6,227469,4,3,2,432
2525,303,1,40779,4,4,4,444
2526,53,6,227481,3,3,2,332
2527,40,7,280152,2,2,1,221
2528,25,7,268108,2,2,2,222
2529,98,7,271936,4,2,1,421
2530,9,7,258344,1,2,2,122
2531,5,7,276056,1,2,1,121
2532,140,1,41245,4,4,4,444
2533,18,3,120289,2,4,4,244
2534,45,7,253244,3,2,2,322
2535,14,6,222369,1,3,2,132
2536,7,6,234069,1,3,2,132
2537,22,11,428348,2,1,1,211
2538,35,9,330043,2,1,1,211
2539,40,5,186882,2,3,3,233
2540,20,7,278973,2,2,1,221
2541,20,2,77175,2,4,4,244
2542,43,7,272033,2,2,1,221
2543,22,4,153192,2,4,3,243
2544,32,6,231110,2,3,2,232
2545,117,3,124449,4,4,4,444
2546,19,4,153208,2,4,3,243
2547,184,3,112628,4,4,4,444
2548,3,13,491136,1,1,1,111
2549,57,4,155749,3,4,3,343
2550,11,5,179789,1,3,3,133
2551,265,4,144331,4,4,4,444
2552,35,6,225073,2,3,2,232
2553,150,7,186534,4,2,3,423
2554,59,5,194137,3,3,3,333
2555,1,6,196561,1,3,3,133
2556,14,2,74124,1,4,4,144
2557,30,3,110006,2,4,4,244
2558,32,4,145890,2,4,4,244
2559,12,8,264276,1,1,2,112
2560,45,11,426336,3,1,1,311
2561,1,4,162464,1,4,3,143
2562,101,7,270048,4,2,2,422
2563,57,5,188143,3,3,3,333
2564,47,5,193316,3,3,3,333
2565,29,9,349507,2,1,1,211
2566,17,10,375302,1,1,1,111
2567,71,4,160695,3,4,3,343
2568,72,4,145167,3,4,4,344
2569,75,7,269739,3,2,2,322
2570,93,8,290485,4,1,1,411
2571,45,3,115656,3,4,4,344
2572,79,8,311505,3,1,1,311
2573,14,4,159991,1,4,3,143
2574,27,11,404200,2,1,1,211
2575,10,5,192421,1,3,3,133
2576,78,7,273777,3,2,1,321
2577,93,6,226844,4,3,2,432
2578,38,4,150023,2,4,4,244
2579,49,3,112006,3,4,4,344
2580,64,8,313886,3,1,1,311
2581,134,5,196183,4,3,3,433
2582,52,5,187097,3,3,3,333
2583,92,4,158486,4,4,3,443
2584,38,5,191721,2,3,3,233
2585,5,7,260565,1,2,2,122
2586,19,3,118196,2,4,4,244
2587,64,9,353572,3,1,1,311
2588,178,3,121871,4,4,4,444
2589,67,5,194507,3,3,3,333
2590,50,6,223717,3,3,2,332
2591,42,6,230535,2,3,2,232
2592,37,8,298331,2,1,1,211
2593,60,4,154906,3,4,3,343
2594,91,6,228620,4,3,2,432
2595,44,8,305284,2,1,1,211
2596,72,5,191365,3,3,3,333
2597,5,6,238879,1,3,2,132
2598,87,6,195969,4,3,3,433
2599,53,7,268770,3,2,2,322
2600,171,3,124178,4,4,4,444
2601,36,8,311945,2,1,1,211
2602,71,8,328619,3,1,1,311
2603,14,7,250752,1,2,2,122
2604,86,6,241501,4,3,2,432
2605,115,5,197988,4,3,3,433
2606,5,10,380644,1,1,1,111
2607,5,8,302565,1,1,1,111
2608,17,7,264301,1,2,2,122
2609,181,8,277894,4,1,1,411
2610,112,8,314327,4,1,1,411
2611,2,7,271125,1,2,1,121
2612,209,2,74043,4,4,4,444
2613,98,5,192733,4,3,3,433
2614,20,4,146802,2,4,4,244
2615,55,9,335645,3,1,1,311
2616,42,11,417983,2,1,1,211
2617,126,7,276389,4,2,1,421
2618,7,10,392557,1,1,1,111
2619,76,2,74201,3,4,4,344
2620,30,8,297918,2,1,1,211
2621,9,7,263132,1,2,2,122
2622,16,7,270581,1,2,1,121
2623,10,5,198642,1,3,3,133
2624,27,5,187315,2,3,3,233
2625,84,4,151481,3,4,4,344
2626,41,4,152057,2,4,4,244
2627,33,6,231117,2,3,2,232
2628,173,4,150380,4,4,4,444
2629,44,6,219791,2,3,2,232
2630,62,10,373145,3,1,1,311
2631,27,3,122396,2,4,4,244
2632,7,4,141745,1,4,4,144
2633,15,9,341882,1,1,1,111
2634,189,3,111468,4,4,4,444
2635,68,8,309001,3,1,1,311
2636,30,3,111340,2,4,4,244
2637,54,11,433874,3,1,1,311
2638,83,10,343681,3,1,1,311
2639,31,5,196620,2,3,3,233
2640,67,11,420120,3,1,1,311
2641,11,7,265241,1,2,2,122
2642,20,2,83549,2,4,4,244
2643,54,3,114858,3,4,4,344
2644,60,2,74575,3,4,4,344
2645,32,6,226372,2,3,2,232
2646,119,5,190319,4,3,3,433
2647,12,8,301686,1,1,1,111
2648,35,5,182761,2,3,3,233
2649,129,4,145011,4,4,4,444
2650,25,6,225369,2,3,2,232
2651,15,9,311131,1,1,1,111
2652,23,5,197725,2,3,3,233
2653,3,9,359270,1,1,1,111
2654,108,9,327064,4,1,1,411
2655,157,6,215495,4,3,2,432
2656,138,7,284730,4,2,1,421
2657,182,3,116845,4,4,4,444
2658,36,5,176188,2,3,3,233
2659,0,12,453619,1,1,1,111
2661,8,5,188995,1,3,3,133
2662,62,9,339111,3,1,1,311
2663,164,5,191348,4,3,3,433
2664,134,7,263078,4,2,2,422
2665,30,3,121471,2,4,4,244
2666,256,4,159120,4,4,3,443
2667,98,5,196864,4,3,3,433
2668,61,5,191637,3,3,3,333
2669,48,3,122654,3,4,4,344
2670,58,3,113640,3,4,4,344
2671,100,7,253136,4,2,2,422
2672,15,8,305032,1,1,1,111
2673,90,5,192180,4,3,3,433
2674,44,5,197623,2,3,3,233
2675,95,5,191669,4,3,3,433
2676,5,6,240368,1,3,2,132
2677,27,5,183598,2,3,3,233
2678,113,5,196645,4,3,3,433
2679,85,6,221313,3,3,2,332
2680,16,9,350452,1,1,1,111
2681,50,5,195777,3,3,3,333
2682,38,8,315519,2,1,1,211
2683,16,6,226724,1,3,2,132
2684,38,9,335914,2,1,1,211
2685,44,6,219699,2,3,2,232
2686,24,11,418138,2,1,1,211
2687,17,7,275793,1,2,1,121
2688,88,3,107147,4,4,4,444
2689,1,5,192413,1,3,3,133
2690,109,4,151774,4,4,4,444
2691,60,8,310153,3,1,1,311
2692,40,3,110360,2,4,4,244
2693,1,6,220110,1,3,2,132
2694,29,4,156064,2,4,3,243
2695,4,9,355113,1,1,1,111
2696,151,4,152603,4,4,4,444
2697,33,7,274361,2,2,1,221
2698,12,7,289078,1,2,1,121
2699,60,5,191803,3,3,3,333
2700,71,4,143027,3,4,4,344
2701,52,9,352123,3,1,1,311
2702,19,9,318293,2,1,1,211
2703,19,7,256500,2,2,2,222
2704,235,3,112242,4,4,4,444
2705,2,9,351242,1,1,1,111
2706,123,3,111704,4,4,4,444
2707,43,3,108553,2,4,4,244
2708,11,3,116844,1,4,4,144
2709,2,5,182936,1,3,3,133
2710,8,4,149689,1,4,4,144
2711,63,6,228606,3,3,2,332
2712,16,6,231455,1,3,2,132
2713,0,3,106474,1,4,4,144
2714,8,5,190457,1,3,3,133
2715,104,5,190148,4,3,3,433
2716,143,4,152960,4,4,3,443
2717,41,10,378170,2,1,1,211
2718,221,7,268421,4,2,2,422
2719,10,3,118485,1,4,4,144
2720,148,5,155015,4,3,3,433
2721,114,2,75084,4,4,4,444
2722,73,6,232365,3,3,2,332
2723,40,8,287334,2,1,1,211
2724,142,4,149021,4,4,4,444
2725,176,4,153625,4,4,3,443
2726,27,10,369470,2,1,1,211
2727,49,5,178140,3,3,3,333
2728,7,8,301845,1,1,1,111
2729,6,6,241316,1,3,2,132
2730,4,7,257571,1,2,2,122
2731,3,4,151388,1,4,4,144
2732,16,10,390396,1,1,1,111
2733,28,10,342217,2,1,1,211
2734,55,3,115666,3,4,4,344
2735,148,2,78842,4,4,4,444
2736,42,5,185659,2,3,3,233
2737,5,9,332022,1,1,1,111
2738,59,5,177218,3,3,3,333
2739,242,2,72401,4,4,4,444
2740,26,8,293719,2,1,1,211
2741,19,3,117919,2,4,4,244
2742,95,3,113738,4,4,4,444
2743,46,2,80465,3,4,4,344
2744,125,3,112758,4,4,4,444
2745,267,2,83727,4,4,4,444
2746,8,3,107358,1,4,4,144
2747,14,9,312160,1,1,1,111
2748,6,4,154147,1,4,3,143
2749,34,1,34170,2,4,4,244
2750,42,11,410808,2,1,1,211
2751,3,8,307031,1,1,1,111
2752,12,4,147749,1,4,4,144
2753,67,11,435010,3,1,1,311
2754,186,3,116299,4,4,4,444
2755,28,13,472924,2,1,1,211
2756,56,4,143673,3,4,4,344
2757,144,3,115901,4,4,4,444
2758,15,4,110124,1,4,4,144
2759,110,5,183644,4,3,3,433
2760,31,5,184511,2,3,3,233
2761,7,9,339254,1,1,1,111
2762,16,10,354431,1,1,1,111
2763,19,9,340195,2,1,1,211
2764,51,4,106942,3,4,4,344
2765,46,6,237695,3,3,2,332
2766,47,6,234662,3,3,2,332
2767,48,3,113915,3,4,4,344
2768,23,6,239077,2,3,2,232
2769,46,6,237374,3,3,2,332
2770,30,9,340436,2,1,1,211
2771,44,5,195465,2,3,3,233
2772,25,5,189199,2,3,3,233
2773,4,4,156235,1,4,3,143
2774,84,5,187109,3,3,3,333
2775,12,6,231792,1,3,2,132
2776,46,4,148148,3,4,4,344
2777,103,6,230497,4,3,2,432
2778,9,5,180741,1,3,3,133
2779,11,5,192683,1,3,3,133
2780,2,5,184465,1,3,3,133
2781,73,4,151871,3,4,4,344
2782,170,5,189272,4,3,3,433
2783,73,11,425017,3,1,1,311
2784,74,3,120488,3,4,4,344
2785,45,6,232812,3,3,2,332
2786,3,6,213922,1,3,2,132
2787,37,6,236035,2,3,2,232
2788,44,11,421796,2,1,1,211
2789,24,2,77604,2,4,4,244
2790,77,3,106661,3,4,4,344
2791,14,7,269251,1,2,2,122
2792,218,3,116343,4,4,4,444
2793,34,8,314932,2,1,1,211
2794,5,7,269602,1,2,2,122
2795,91,3,122497,4,4,4,444
2796,8,7,277707,1,2,1,121
2797,75,6,224288,3,3,2,332
2798,154,5,184422,4,3,3,433
2799,29,8,307965,2,1,1,211
2800,41,5,189615,2,3,3,233
2801,22,5,186356,2,3,3,233
2802,172,3,113209,4,4,4,444
2803,30,6,238530,2,3,2,232
2804,58,7,271938,3,2,1,321
2805,3,5,186118,1,3,3,133
2806,68,8,308281,3,1,1,311
2807,353,1,34527,4,4,4,444
2808,6,5,187629,1,3,3,133
2809,83,3,111149,3,4,4,344
2810,62,6,215616,3,3,2,332
2811,25,5,192850,2,3,3,233
2812,87,6,220275,4,3,2,432
2813,204,5,196854,4,3,3,433
2814,13,4,158341,1,4,3,143
2815,27,9,342518,2,1,1,211
2816,8,10,390344,1,1,1,111
2817,15,3,100738,1,4,4,144
2818,99,4,143609,4,4,4,444
2819,162,4,159557,4,4,3,443
2820,58,7,262021,3,2,2,322
2821,51,5,194153,3,3,3,333
2822,11,9,340222,1,1,1,111
2823,12,4,159431,1,4,3,143
2824,122,6,227156,4,3,2,432
2825,112,4,143707,4,4,4,444
2826,11,12,453369,1,1,1,111
2827,107,5,197539,4,3,3,433
2828,115,2,84261,4,4,4,444
2829,144,2,76396,4,4,4,444
2830,95,5,194961,4,3,3,433
2831,14,5,189984,1,3,3,133
2832,23,9,306696,2,1,1,211
2833,16,6,223391,1,3,2,132
2834,66,3,102881,3,4,4,344
2835,228,3,114283,4,4,4,444
2836,13,10,374606,1,1,1,111
2837,41,7,259863,2,2,2,222
2838,15,3,113985,1,4,4,144
2839,17,8,295076,1,1,1,111
2840,16,4,155191,1,4,3,143
2841,16,7,252770,1,2,2,122
2842,39,3,114070,2,4,4,244
2843,20,6,235875,2,3,2,232
2844,23,7,235951,2,2,2,222
2845,47,8,304125,3,1,1,311
2846,15,4,159469,1,4,3,143
2847,44,7,264439,2,2,2,222
2848,13,4,151742,1,4,4,144
2849,115,4,151909,4,4,4,444
2850,7,8,312466,1,1,1,111
2851,9,8,295584,1,1,1,111
2852,25,6,240381,2,3,2,232
2853,81,8,292956,3,1,1,311
2854,83,4,149823,3,4,4,344
2855,39,2,72401,2,4,4,244
2856,6,7,261575,1,2,2,122
2857,113,6,224386,4,3,2,432
2858,108,5,159216,4,3,3,433
2859,10,8,298396,1,1,1,111
2860,8,10,358362,1,1,1,111
2861,73,8,297580,3,1,1,311
2862,14,5,200183,1,3,3,133
2863,175,1,38647,4,4,4,444
2864,17,4,147134,1,4,4,144
2865,0,7,264449,1,2,2,122
2866,78,4,149437,3,4,4,344
2867,95,5,200290,4,3,3,433
2868,25,4,151716,2,4,4,244
2869,116,6,230132,4,3,2,432
2870,109,2,72701,4,4,4,444
2871,20,6,225268,2,3,2,232
2872,24,7,269769,2,2,2,222
2873,104,3,124605,4,4,4,444
2874,60,11,423736,3,1,1,311
2875,35,4,148591,2,4,4,244
2876,325,1,41345,4,4,4,444
2877,41,9,358149,2,1,1,211
2878,0,3,112254,1,4,4,144
2879,14,8,294766,1,1,1,111
2880,18,8,306379,2,1,1,211
2881,72,6,234220,3,3,2,332
2882,294,2,73277,4,4,4,444
2883,49,7,264031,3,2,2,322
2884,14,8,305044,1,1,1,111
2885,94,9,343641,4,1,1,411
2886,39,8,315491,2,1,1,211
2887,24,9,340733,2,1,1,211
2888,29,6,236432,2,3,2,232
2889,105,5,187528,4,3,3,433
2890,86,7,254076,4,2,2,422
2891,62,7,260010,3,2,2,322
2892,12,5,185209,1,3,3,133
2893,59,3,116867,3,4,4,344
2894,86,9,341416,4,1,1,411
2895,258,2,76174,4,4,4,444
2896,194,2,76449,4,4,4,444
2897,46,5,183064,3,3,3,333
2898,78,4,146705,3,4,4,344
2899,30,6,216653,2,3,2,232
2900,61,3,119404,3,4,4,344
2901,38,7,267691,2,2,2,222
2902,196,2,75355,4,4,4,444
2903,26,3,108332,2,4,4,244
2904,23,7,265396,2,2,2,222
2905,8,4,145902,1,4,4,144
2906,45,4,158081,3,4,3,343
2907,74,7,256485,3,2,2,322
2908,1,6,237670,1,3,2,132
2909,83,7,264974,3,2,2,322
2910,46,8,300651,3,1,1,311
2911,283,2,74310,4,4,4,444
2912,46,13,502553,3,1,1,311
2913,89,6,242582,4,3,2,432
2914,12,12,456210,1,1,1,111
2915,33,7,266150,2,2,2,222
2916,24,7,265496,2,2,2,222
2917,148,5,182518,4,3,3,433
2918,51,7,266824,3,2,2,322
2919,21,6,229029,2,3,2,232
2920,99,2,76697,4,4,4,444
2921,57,5,197358,3,3,3,333
2922,1,5,192597,1,3,3,133
2923,13,7,255798,1,2,2,122
2924,64,6,235987,3,3,2,332
2925,93,5,187633,4,3,3,433
2926,143,4,150620,4,4,4,444
2927,99,3,115460,4,4,4,444
2928,175,5,180407,4,3,3,433
2929,1,9,335082,1,1,1,111
2930,71,7,222291,3,2,2,322
2931,57,6,227332,3,3,2,332
2932,19,10,374397,2,1,1,211
2933,95,5,189739,4,3,3,433
2934,61,6,241033,3,3,2,332
2935,6,7,261044,1,2,2,122
2936,59,7,274285,3,2,1,321
2937,7,7,265208,1,2,2,122
2938,125,5,198589,4,3,3,433
2939,90,4,148649,4,4,4,444
2940,94,7,261203,4,2,2,422
2941,172,5,172099,4,3,3,433
2942,9,8,291658,1,1,1,111
2943,52,7,275181,3,2,1,321
2944,30,6,215564,2,3,2,232
2945,49,3,114678,3,4,4,344
2946,31,10,386076,2,1,1,211
2947,14,6,215614,1,3,2,132
2948,111,5,193714,4,3,3,433
2949,13,3,112882,1,4,4,144
2950,75,3,119391,3,4,4,344
2951,85,9,338196,3,1,1,311
2952,27,5,195300,2,3,3,233
2953,75,5,189071,3,3,3,333
2954,6,6,220116,1,3,2,132
2955,19,8,292836,2,1,1,211
2956,97,7,266181,4,2,2,422
2957,98,3,109847,4,4,4,444
2958,4,7,264513,1,2,2,122
2959,134,3,116654,4,4,4,444
2960,88,3,106808,4,4,4,444
2961,2,6,239259,1,3,2,132
2962,77,3,108077,3,4,4,344
2963,55,5,191130,3,3,3,333
2964,168,2,67437,4,4,4,444
2965,90,6,220759,4,3,2,432
2966,32,5,193701,2,3,3,233
2967,10,3,117128,1,4,4,144
2968,171,7,271696,4,2,1,421
2969,11,6,234534,1,3,2,132
2970,98,4,146099,4,4,4,444
2971,27,3,116728,2,4,4,244
2972,56,4,166297,3,4,3,343
2973,93,4,158368,4,4,3,443
2974,159,2,68387,4,4,4,444
2975,169,3,114586,4,4,4,444
2976,6,4,154595,1,4,3,143
2977,9,5,194750,1,3,3,133
2978,147,3,118868,4,4,4,444
2979,114,4,154418,4,4,3,443
2980,15,6,223656,1,3,2,132
2981,52,7,279221,3,2,1,321
2982,117,7,252042,4,2,2,422
2983,129,5,191387,4,3,3,433
2984,158,5,186582,4,3,3,433
2985,38,10,382549,2,1,1,211
2986,28,9,332368,2,1,1,211
2987,17,5,195210,1,3,3,133
2988,32,8,298685,2,1,1,211
2989,70,9,350378,3,1,1,311
2990,14,7,270363,1,2,1,121
2991,75,6,219307,3,3,2,332
2992,9,8,318203,1,1,1,111
2993,9,8,304815,1,1,1,111
2994,15,3,122466,1,4,4,144
2995,10,5,178678,1,3,3,133
2996,21,3,112313,2,4,4,244
2997,31,6,220074,2,3,2,232
2998,66,3,120990,3,4,4,344
2999,8,11,417266,1,1,1,111
3000,42,4,149053,2,4,4,244
3001,104,4,157283,4,4,3,443
3002,44,7,266548,2,2,2,222
3003,111,9,351668,4,1,1,411
3004,113,5,188961,4,3,3,433
3005,189,3,113598,4,4,4,444
3006,30,4,146411,2,4,4,244
3007,3,7,266292,1,2,2,122
3008,5,6,231449,1,3,2,132
3009,88,4,143930,4,4,4,444
3010,110,5,194576,4,3,3,433
3011,35,4,143308,2,4,4,244
3012,3,6,222816,1,3,2,132
3013,4,9,339222,1,1,1,111
3014,19,9,334488,2,1,1,211
3015,46,10,401349,3,1,1,311
3016,0,5,196867,1,3,3,133
3017,57,6,224035,3,3,2,332
3018,19,5,198101,2,3,3,233
3019,64,3,116909,3,4,4,344
3020,22,12,446917,2,1,1,211
3021,60,7,262110,3,2,2,322
3022,31,5,191048,2,3,3,233
3023,132,4,161080,4,4,3,443
3024,50,2,81344,3,4,4,344
3025,125,2,75876,4,4,4,444
3026,92,6,229659,4,3,2,432
3027,31,5,201099,2,3,3,233
3028,46,5,200039,3,3,3,333
3029,121,4,150492,4,4,4,444
3030,24,7,269001,2,2,2,222
3031,2,5,191197,1,3,3,133
3032,40,7,256620,2,2,2,222
3033,158,2,75583,4,4,4,444
3034,48,5,185334,3,3,3,333
3035,38,5,203088,2,3,3,233
3036,156,5,201991,4,3,3,433
3037,185,3,113934,4,4,4,444
3038,46,6,231260,3,3,2,332
3039,69,9,339316,3,1,1,311
3040,203,2,80049,4,4,4,444
3041,124,2,77483,4,4,4,444
3042,11,6,232009,1,3,2,132
3043,11,4,156191,1,4,3,143
3044,4,9,339943,1,1,1,111
3045,65,6,225180,3,3,2,332
3046,228,5,198505,4,3,3,433
3047,34,5,194274,2,3,3,233
3048,4,13,495560,1,1,1,111
3049,43,3,109170,2,4,4,244
3050,66,9,356602,3,1,1,311
3051,140,4,158965,4,4,3,443
3052,54,2,71769,3,4,4,344
3053,193,4,158605,4,4,3,443
3054,2,5,198873,1,3,3,133
3055,58,10,390129,3,1,1,311
3056,19,4,152679,2,4,4,244
3057,28,7,273979,2,2,1,221
3058,24,5,197892,2,3,3,233
3059,142,2,83312,4,4,4,444
3060,29,11,409242,2,1,1,211
3061,59,9,339157,3,1,1,311
3062,46,6,218397,3,3,2,332
3063,92,5,199100,4,3,3,433
3064,55,7,258445,3,2,2,322
3065,5,5,189020,1,3,3,133
3066,164,4,148848,4,4,4,444
3067,39,6,224433,2,3,2,232
3068,79,6,231509,3,3,2,332
3069,70,3,120764,3,4,4,344
3070,119,4,156932,4,4,3,443
3071,158,4,145059,4,4,4,444
3072,67,7,271241,3,2,1,321
3073,251,3,114423,4,4,4,444
3074,10,7,264503,1,2,2,122
3075,81,6,226843,3,3,2,332
3076,209,4,143944,4,4,4,444
3077,16,7,266457,1,2,2,122
3078,169,3,118443,4,4,4,444
3079,131,4,162941,4,4,3,443
3080,4,9,343823,1,1,1,111
3081,106,6,229612,4,3,2,432
3082,16,5,184529,1,3,3,133
3083,69,6,237497,3,3,2,332
3084,15,6,230333,1,3,2,132
3085,25,5,190415,2,3,3,233
3086,11,10,354675,1,1,1,111
3087,84,6,228448,3,3,2,332
3088,3,7,271755,1,2,1,121
3089,27,4,149017,2,4,4,244
3090,198,5,189248,4,3,3,433
3091,307,2,75285,4,4,4,444
3092,160,3,108084,4,4,4,444
3093,68,9,349263,3,1,1,311
3094,161,7,269093,4,2,2,422
3095,36,5,195705,2,3,3,233
3096,15,3,118484,1,4,4,144
3097,60,3,119770,3,4,4,344
3098,38,4,154848,2,4,3,243
3099,83,2,72779,3,4,4,344
3100,20,4,148462,2,4,4,244
3101,61,4,158879,3,4,3,343
3102,106,5,154745,4,3,3,433
3103,59,8,311440,3,1,1,311
3104,49,7,226953,3,2,2,322
3105,10,6,226050,1,3,2,132
3106,199,5,187156,4,3,3,433
3107,95,4,148759,4,4,4,444
3108,53,7,274717,3,2,1,321
3109,169,5,197590,4,3,3,433
3110,17,3,127007,1,4,4,144
3111,48,5,200756,3,3,3,333
3112,11,8,301121,1,1,1,111
3113,109,8,303138,4,1,1,411
3114,3,6,230787,1,3,2,132
3115,195,5,197585,4,3,3,433
3116,87,6,233735,4,3,2,432
3117,25,9,352852,2,1,1,211
3118,12,9,356610,1,1,1,111
3119,5,4,153797,1,4,3,143
3120,20,7,269043,2,2,2,222
3121,48,6,226730,3,3,2,332
3122,143,5,194511,4,3,3,433
3123,0,4,156800,1,4,3,143
3124,38,3,112526,2,4,4,244
3125,9,4,146444,1,4,4,144
3126,40,8,304294,2,1,1,211
3127,35,4,152430,2,4,4,244
3128,104,5,197138,4,3,3,433
3129,16,5,188304,1,3,3,133
3130,0,5,184554,1,3,3,133
3131,17,8,320668,1,1,1,111
3132,23,5,198175,2,3,3,233
3133,11,6,224808,1,3,2,132
3134,64,7,258392,3,2,2,322
3135,121,7,256227,4,2,2,422
3136,25,4,149951,2,4,4,244
3137,116,7,274942,4,2,1,421
3138,69,5,141461,3,3,4,334
3139,11,3,125427,1,4,4,144
3140,40,3,111688,2,4,4,244
3141,70,7,266243,3,2,2,322
3142,12,4,160883,1,4,3,143
3143,20,11,437644,2,1,1,211
3144,64,3,117241,3,4,4,344
3145,68,7,231559,3,2,2,322
3146,54,8,311897,3,1,1,311
3147,3,6,237128,1,3,2,132
3148,55,6,237063,3,3,2,332
3149,22,3,105766,2,4,4,244
3150,87,8,269544,4,1,2,412
3151,13,9,348931,1,1,1,111
3152,11,6,227405,1,3,2,132
3153,127,5,197048,4,3,3,433
3154,14,7,275620,1,2,1,121
3155,43,4,149179,2,4,4,244
3156,4,3,111726,1,4,4,144
3157,10,8,297570,1,1,1,111
3158,16,6,243572,1,3,2,132
3159,25,2,73669,2,4,4,244
3160,52,5,183700,3,3,3,333
3161,83,1,38859,3,4,4,344
3162,110,2,69953,4,4,4,444
3163,14,6,230773,1,3,2,132
3164,98,5,192475,4,3,3,433
3165,77,8,310500,3,1,1,311
3166,47,7,268678,3,2,2,322
3167,73,4,154575,3,4,3,343
3168,91,5,161831,4,3,3,433
3169,0,7,272173,1,2,1,121
3170,44,6,222647,2,3,2,232
3171,75,3,116300,3,4,4,344
3172,55,4,159351,3,4,3,343
3173,45,6,220412,3,3,2,332
3174,24,6,229440,2,3,2,232
3175,260,3,108345,4,4,4,444
3176,24,9,338039,2,1,1,211
3177,68,7,258180,3,2,2,322
3178,29,5,205877,2,3,3,233
3179,268,1,34079,4,4,4,444
3180,145,2,79446,4,4,4,444
3181,9,6,228845,1,3,2,132
3182,84,4,153438,3,4,3,343
3183,11,8,298403,1,1,1,111
3184,68,8,313165,3,1,1,311
3185,18,7,272778,2,2,1,221
3186,19,5,206412,2,3,3,233
3187,63,5,199774,3,3,3,333
3188,116,5,190904,4,3,3,433
3189,56,2,72734,3,4,4,344
3190,92,8,290128,4,1,1,411
3191,7,8,285080,1,1,1,111
3192,188,4,149530,4,4,4,444
3193,10,6,246913,1,3,2,132
3194,86,3,113124,4,4,4,444
3195,49,9,344689,3,1,1,311
3196,50,7,278504,3,2,1,321
3197,3,5,188122,1,3,3,133
3198,101,4,155728,4,4,3,443
3199,13,8,315817,1,1,1,111
3200,39,5,175898,2,3,3,233
3201,21,7,256773,2,2,2,222
3202,11,8,312770,1,1,1,111
3203,7,3,106531,1,4,4,144
3204,34,9,347910,2,1,1,211
3205,96,6,234102,4,3,2,432
3206,75,7,270350,3,2,1,321
3207,81,5,185475,3,3,3,333
3208,53,8,307156,3,1,1,311
3209,9,4,144333,1,4,4,144
3210,9,5,199424,1,3,3,133
3211,35,3,106150,2,4,4,244
3212,99,8,264192,4,1,2,412
3213,68,5,194957,3,3,3,333
3214,68,4,157164,3,4,3,343
3215,66,7,255413,3,2,2,322
3216,0,4,160718,1,4,3,143
3217,8,11,421411,1,1,1,111
3218,216,5,186722,4,3,3,433
3219,27,8,295682,2,1,1,211
3220,40,8,302673,2,1,1,211
3221,111,10,348459,4,1,1,411
3222,15,2,80081,1,4,4,144
3223,14,8,295687,1,1,1,111
3224,51,9,353418,3,1,1,311
3225,8,7,268409,1,2,2,122
3226,20,4,152426,2,4,4,244
3227,3,6,235312,1,3,2,132
3228,40,7,276458,2,2,1,221
3230,69,5,189302,3,3,3,333
3231,1,7,271580,1,2,1,121
3232,8,13,499442,1,1,1,111
3233,80,3,112499,3,4,4,344
3234,149,2,73541,4,4,4,444
3235,222,1,42560,4,4,4,444
3237,176,7,271038,4,2,1,421
3238,29,5,186063,2,3,3,233
3239,2,6,227518,1,3,2,132
3240,38,10,376574,2,1,1,211
3241,7,7,278599,1,2,1,121
3242,49,8,265564,3,1,2,312
3243,163,4,145031,4,4,4,444
3244,21,4,155083,2,4,3,243
3245,93,6,235818,4,3,2,432
3246,99,5,180161,4,3,3,433
3247,44,8,305547,2,1,1,211
3248,58,4,149899,3,4,4,344
3249,33,8,298671,2,1,1,211
3250,85,6,241104,3,3,2,332
3251,7,11,415875,1,1,1,111
3252,18,7,263964,2,2,2,222
3253,5,3,119221,1,4,4,144
3254,31,7,274688,2,2,1,221
3255,2,6,232343,1,3,2,132
3256,12,10,369308,1,1,1,111
3257,6,3,110095,1,4,4,144
3258,17,8,303866,1,1,1,111
3259,32,2,67500,2,4,4,244
3260,124,3,124031,4,4,4,444
3261,38,7,237359,2,2,2,222
3262,1,10,379716,1,1,1,111
3263,23,5,185310,2,3,3,233
3264,23,9,286142,2,1,1,211
3265,88,7,269218,4,2,2,422
3266,71,7,264095,3,2,2,322
3267,88,6,220459,4,3,2,432
3268,132,6,232532,4,3,2,432
3269,35,4,155451,2,4,3,243
3270,122,5,191118,4,3,3,433
3271,90,5,187877,4,3,3,433
3272,295,1,37874,4,4,4,444
3273,65,7,267184,3,2,2,322
3274,30,5,193268,2,3,3,233
3275,4,4,161231,1,4,3,143
3276,80,5,187930,3,3,3,333
3277,37,5,190232,2,3,3,233
3278,22,5,198217,2,3,3,233
3279,297,1,35160,4,4,4,444
3280,134,8,311230,4,1,1,411
3281,59,2,81831,3,4,4,344
3282,16,4,150268,1,4,4,144
3283,0,7,265792,1,2,2,122
3284,278,6,217729,4,3,2,432
3285,19,6,227180,2,3,2,232
3286,9,11,438107,1,1,1,111
3287,76,3,116184,3,4,4,344
3288,32,6,226942,2,3,2,232
3289,69,5,195992,3,3,3,333
3290,2,8,294305,1,1,1,111
3291,46,4,141700,3,4,4,344
3292,301,1,40670,4,4,4,444
3293,0,5,201473,1,3,3,133
3294,62,4,157877,3,4,3,343
3295,19,8,313567,2,1,1,211
3296,64,11,411766,3,1,1,311
3297,58,6,224612,3,3,2,332
3298,4,5,187314,1,3,3,133
3299,30,5,190249,2,3,3,233
3300,15,7,220603,1,2,2,122
3301,42,5,202515,2,3,3,233
3302,20,5,195143,2,3,3,233
3303,20,5,184594,2,3,3,233
3304,78,10,374919,3,1,1,311
3305,39,2,70288,2,4,4,244
3306,40,5,188750,2,3,3,233
3307,16,5,198287,1,3,3,133
3308,67,3,110631,3,4,4,344
3309,24,5,204015,2,3,3,233
3310,51,5,203609,3,3,3,333
3311,65,4,156024,3,4,3,343
3312,6,4,150516,1,4,4,144
3313,54,6,238662,3,3,2,332
3314,58,6,242396,3,3,2,332
3315,1,7,260659,1,2,2,122
3316,20,2,75806,2,4,4,244
3317,87,4,152668,4,4,4,444
3318,151,4,154856,4,4,3,443
3319,22,7,257851,2,2,2,222
3320,137,10,383661,4,1,1,411
3321,96,3,104139,4,4,4,444
3322,2,4,111954,1,4,4,144
3323,115,5,188790,4,3,3,433
3324,31,7,259777,2,2,2,222
3325,45,5,200422,3,3,3,333
3326,29,13,508348,2,1,1,211
3327,56,8,302020,3,1,1,311
3328,40,4,158036,2,4,3,243
3329,18,4,143203,2,4,4,244
3330,22,9,306657,2,1,1,211
3331,36,5,195255,2,3,3,233
3332,5,6,227268,1,3,2,132
3333,191,5,187901,4,3,3,433
3334,73,8,310585,3,1,1,311
3335,3,7,260036,1,2,2,122
3336,74,6,217115,3,3,2,332
3337,6,8,301105,1,1,1,111
3338,4,4,159398,1,4,3,143
3339,38,6,216061,2,3,2,232
3340,113,6,225359,4,3,2,432
3341,49,4,143333,3,4,4,344
3342,100,7,269195,4,2,2,422
3343,78,6,221201,3,3,2,332
3344,10,7,272905,1,2,1,121
3345,31,5,196943,2,3,3,233
3346,48,3,106967,3,4,4,344
3347,107,5,181353,4,3,3,433
3348,129,3,117127,4,4,4,444
3349,221,5,188705,4,3,3,433
3350,38,6,241913,2,3,2,232
3351,39,6,230051,2,3,2,232
3352,30,7,269282,2,2,2,222
3353,30,7,279896,2,2,1,221
3354,182,2,76555,4,4,4,444
3355,0,6,174463,1,3,3,133
3356,4,5,182007,1,3,3,133
3357,35,4,158989,2,4,3,243
3358,37,7,230743,2,2,2,222
3359,97,5,153884,4,3,3,433
3360,57,8,301484,3,1,1,311
3361,44,6,225002,2,3,2,232
3362,86,3,106990,4,4,4,444
3363,4,6,230712,1,3,2,132
3364,120,5,184634,4,3,3,433
3365,71,6,224408,3,3,2,332
3366,44,4,157070,2,4,3,243
3367,82,6,218092,3,3,2,332
3368,29,5,201582,2,3,3,233
3369,76,6,234518,3,3,2,332
3370,42,7,269215,2,2,2,222
3371,41,9,336650,2,1,1,211
3372,31,6,232732,2,3,2,232
3373,44,5,181946,2,3,3,233
3374,1,4,144893,1,4,4,144
3375,12,8,296368,1,1,1,111
3376,93,5,192690,4,3,3,433
3377,77,7,263574,3,2,2,322
3378,55,4,148667,3,4,4,344
3379,20,6,234838,2,3,2,232
3380,63,5,196857,3,3,3,333
3381,195,5,194004,4,3,3,433
3382,19,10,372232,2,1,1,211
3383,29,6,226697,2,3,2,232
3384,29,6,193927,2,3,3,233
3385,54,4,110105,3,4,4,344
3386,7,5,187682,1,3,3,133
3387,82,8,311717,3,1,1,311
3388,25,8,314166,2,1,1,211
3389,54,6,235933,3,3,2,332
3390,18,5,193531,2,3,3,233
3391,19,5,191902,2,3,3,233
3392,74,1,40784,3,4,4,344
3393,2,5,194595,1,3,3,133
3394,19,5,193589,2,3,3,233
3395,9,7,260547,1,2,2,122
3396,71,2,77720,3,4,4,344
3397,89,2,80081,4,4,4,444
3398,65,5,194742,3,3,3,333
3399,37,5,143303,2,3,4,234
3400,26,4,150493,2,4,4,244
3401,66,6,227531,3,3,2,332
3402,12,9,346493,1,1,1,111
3403,133,4,160524,4,4,3,443
3404,51,5,183313,3,3,3,333
3405,52,9,339635,3,1,1,311
3406,46,10,382731,3,1,1,311
3407,18,8,298020,2,1,1,211
3408,22,5,195570,2,3,3,233
3409,73,7,277262,3,2,1,321
3410,241,3,107388,4,4,4,444
3411,30,7,272472,2,2,1,221
3412,44,4,154831,2,4,3,243
3413,25,4,147655,2,4,4,244
3414,162,3,108313,4,4,4,444
3415,61,6,227762,3,3,2,332
3416,122,3,112184,4,4,4,444
3417,95,8,307801,4,1,1,411
3418,90,5,195801,4,3,3,433
3419,5,3,113763,1,4,4,144
3420,5,11,415904,1,1,1,111
3421,28,10,352363,2,1,1,211
3422,32,5,196841,2,3,3,233
3423,77,4,148968,3,4,4,344
3424,153,2,78210,4,4,4,444
3425,18,6,211385,2,3,3,233
3426,45,6,236643,3,3,2,332
3427,1,8,301409,1,1,1,111
3428,91,1,35378,4,4,4,444
3429,121,4,162397,4,4,3,443
3430,63,7,267307,3,2,2,322
3431,28,10,376364,2,1,1,211
3432,106,8,289583,4,1,1,411
3433,0,10,389372,1,1,1,111
3434,64,5,193893,3,3,3,333
3435,136,5,192024,4,3,3,433
3436,22,7,277691,2,2,1,221
3437,102,5,193345,4,3,3,433
3438,174,5,188798,4,3,3,433
3439,74,6,230970,3,3,2,332
3440,32,5,191436,2,3,3,233
3441,138,5,196323,4,3,3,433
3442,203,4,152820,4,4,3,443
3443,29,6,238649,2,3,2,232
3444,39,2,75661,2,4,4,244
3445,14,6,226200,1,3,2,132
3446,4,2,72085,1,4,4,144
3447,83,11,437307,3,1,1,311
3448,10,5,193711,1,3,3,133
3449,149,4,155432,4,4,3,443
3450,98,6,226474,4,3,2,432
3451,15,9,350086,1,1,1,111
3452,2,2,71390,1,4,4,144
3453,72,6,234659,3,3,2,332
3454,115,5,189878,4,3,3,433
3455,9,6,220600,1,3,2,132
3456,63,3,107475,3,4,4,344
3457,97,3,115147,4,4,4,444
3458,108,4,157871,4,4,3,443
3459,66,3,120146,3,4,4,344
3460,55,9,347946,3,1,1,311
3461,136,7,268299,4,2,2,422
3462,21,5,197783,2,3,3,233
3463,57,4,147059,3,4,4,344
3464,17,2,37337,1,4,4,144
3465,72,10,387161,3,1,1,311
3466,68,3,111002,3,4,4,344
3467,5,6,235421,1,3,2,132
3468,1,7,276613,1,2,1,121
3469,36,4,156796,2,4,3,243
3470,2,8,310993,1,1,1,111
3471,148,4,139822,4,4,4,444
3472,5,6,223585,1,3,2,132
3473,12,4,152660,1,4,4,144
3474,71,5,193770,3,3,3,333
3475,3,4,157678,1,4,3,143
3476,50,5,188888,3,3,3,333
3477,64,8,302202,3,1,1,311
3478,29,6,224064,2,3,2,232
3479,31,6,230480,2,3,2,232
3480,16,4,152103,1,4,4,144
3481,54,7,268265,3,2,2,322
3482,27,8,311027,2,1,1,211
3483,117,6,233778,4,3,2,432
3484,79,7,266021,3,2,2,322
3485,25,3,115147,2,4,4,244
3486,9,4,154286,1,4,3,143
3487,10,3,112478,1,4,4,144
3488,17,2,72228,1,4,4,144
3489,108,6,232703,4,3,2,432
3490,166,5,195138,4,3,3,433
3491,189,4,164339,4,4,3,443
3492,80,3,111114,3,4,4,344
3493,93,6,231255,4,3,2,432
3494,4,4,163328,1,4,3,143
3495,13,7,267219,1,2,2,122
3496,256,4,154411,4,4,3,443
3497,52,3,116041,3,4,4,344
3498,127,6,226342,4,3,2,432
3499,51,7,267147,3,2,2,322
3500,144,6,218595,4,3,2,432
5034,84,3,111764,3,4,4,344
